{"familiarManager":{"petDetails":[{"petId":"818151424","growth":"22.315493840001007","hunger":"10.075000000000076"},{"petId":"818151425","growth":"6.101292239999976","hunger":"21.82499999999983"},{"petId":"818152424","growth":"14.732559039999671","hunger":"37.69999999999808"}]},"ge-history":[{"completedAmount":"1","itemId":"11870","isSell":false,"totalCoinExchange":"24069"},{"completedAmount":"1","itemId":"5698","isSell":false,"totalCoinExchange":"41372"},{"completedAmount":"1","itemId":"311","isSell":false,"totalCoinExchange":"344"},{"completedAmount":"3","itemId":"10129","isSell":false,"totalCoinExchange":"4500"},{"completedAmount":"2","itemId":"2440","isSell":false,"totalCoinExchange":"16000"}],"barCrawl":{"started":true,"bars":[true,false,false,false,false,false,false,false,false,false]},"exp_multiplier":"1.0","brawlingGloves":[{"charges":"500","gloveId":"2"},{"charges":"68","gloveId":"9"}],"unlockedMusic":["177","50","348","102","90","36","487","123","124","19","160","186","24","25","26","27","28","180","2","324","152","99","83","64","104","250","325","68","63","181","169","326","37","174","56","327","173","69","148","138","106","41","153","496","118","72","167","119","163","98","159","125","22","33","101","112","116","76","55","18","188","96","6","172","114","115","117","191","60","66","113","459","74","467","161","12","20","13","185","184","328","157","193","502","107","65","21","10","155","62","127","457","7","93","158","329","89","91","53","57","5","144","331","332","564","92","35","52","122","175","77","333","129","108","151","111","140","79","170","133","109","592","162","165","94","192","183","179","3","70","75","85","32","49","82","435","42","43","14","34","81","15","466","547","189","54","120","145","166","105","47","87","46","164","176","58","330","190","67","17","128","71","88","48","84","61","154","156","121","131","149","187","9","97","241","132","243","245","246","244","252","251","253","254","258","257","261","260","264","263","267","269","268","270","271","284","286","288","289","290","291","292","293","295","303","305","306","312","317","319","320","346","316","8","141","142","143","178","334","336","337","338","339","340","341","344","343","351","353","354","355","352","359","361","363","362","364","369","372","377","378","379","380","381","383","387","389","392","395","396","390","402","407","411","412","419","418","447","448","461","465","463","469","409","473","475","476","478","479","501","505","515","517","198","524","529","530","532","207","544","454","537","558","559","560","573","587","588","594","600","602","603","586","634","223","225","220","208","209","273","399"],"states":[],"skills":[{"static":"94","dynamic":"94","id":"0","experience":"7977782.4"},{"static":"75","dynamic":"75","id":"1","experience":"1233977.3999999997"},{"static":"99","dynamic":"99","id":"2","experience":"1.3220702890000002E7"},{"static":"95","dynamic":"95","id":"3","experience":"8822217.750010107"},{"static":"85","dynamic":"85","id":"4","experience":"3489598.0"},{"static":"68","dynamic":"68","id":"5","experience":"619680.6000000001"},{"static":"83","dynamic":"83","id":"6","experience":"2866625.4000000004"},{"static":"99","dynamic":"99","id":"7","experience":"2.1585545E7"},{"static":"92","dynamic":"92","id":"8","experience":"6909556.800001841"},{"static":"78","dynamic":"78","id":"9","experience":"1732786.3000000308"},{"static":"99","dynamic":"99","id":"10","experience":"1.36984974E7"},{"static":"72","dynamic":"72","id":"11","experience":"924859.75"},{"static":"73","dynamic":"73","id":"12","experience":"1059989.7999999998"},{"static":"55","dynamic":"55","id":"13","experience":"171441.5000000083"},{"static":"91","dynamic":"91","id":"14","experience":"5928379.5"},{"static":"52","dynamic":"52","id":"15","experience":"123881.80000000012"},{"static":"60","dynamic":"60","id":"16","experience":"290651.2000000001"},{"static":"81","dynamic":"81","id":"17","experience":"2259427.700000002"},{"static":"59","dynamic":"59","id":"18","experience":"269899.0"},{"static":"70","dynamic":"70","id":"19","experience":"784573.0058970957"},{"static":"42","dynamic":"42","id":"20","experience":"46947.0"},{"static":"67","dynamic":"67","id":"21","experience":"548098.9000000015"},{"static":"53","dynamic":"53","id":"22","experience":"138276.0"},{"static":"50","dynamic":"50","id":"23","experience":"102392.59999999957"}],"spellbook":"192","activityData":{"elnockSupplies":true,"lostCannon":false,"barrowBrothers":[false,false,false,false,false,false],"barrowTunnelIndex":"0","bountyRogueRate":"0","borkKills":"0","solvedMazes":"0","bountyHunterRate":"0","pizazzPoints":["0","18","2090","5"],"startedMta":true,"hardcoreDeath":false,"pestPoints":"42","kolodionBoss":"5","warriorGuildTokens":"0","kolodionStage":"2","godCasts":["100","100","100"],"barrowKills":"0","fogRating":"0","bonesToPeaches":false,"lastBorkBattle":"0","topGrabbed":false},"emoteData":["0","1","2","3","4","5","6","7","8","9","10","11","12","13","14","15","16","17","18","19","20","21","37","40","22","23","39","41","30","31","28","29","38","36"],"questData":{"dragonSlayerPlanks":"0","talkedDrezel":true,"desertTreasureNode":[{"amount":"12","id":"1513"},{"amount":"10","id":"592"},{"amount":"6","id":"1775"},{"amount":"6","id":"2353"},{"amount":"2","id":"526"},{"amount":"2","id":"973"},{"amount":"1","id":"565"}],"cooksAssistant":[false,false,false,false],"witchsExperimentKilled":false,"draynorLever":[false,false,false,false,false,false],"dragonSlayer":[true,true,true,true,true,true,false,true,false],"witchsExperimentStage":"0","demonSlayer":[true,false],"gardenerAttack":true},"settings":{"attackStyle":"1","splitPrivate":false,"disableChatEffects":false,"clanChatSetting":"0","runToggled":true,"assistSetting":"0","acceptAid":true,"soundEffectVolume":"0","areaSoundVolume":"0","brightness":"2","publicChatSetting":"0","singleMouse":false,"specialEnergy":"100","tradeSetting":"0","retaliation":true,"privateChatSetting":"0","musicVolume":"0","runEnergy":"100.0"},"slayer":{"taskStreak":"3","rewardFlags":2654208,"equipmentFlags":8,"taskFlags":1342131,"removedTasks":["50"],"totalTasks":"26"},"quests":{"questStages":[{"questId":"128","questStage":"100"},{"questId":"136","questStage":"100"},{"questId":"14","questStage":"100"},{"questId":"15","questStage":"100"},{"questId":"16","questStage":"100"},{"questId":"17","questStage":"100"},{"questId":"18","questStage":"100"},{"questId":"146","questStage":"100"},{"questId":"19","questStage":"100"},{"questId":"20","questStage":"100"},{"questId":"21","questStage":"100"},{"questId":"22","questStage":"100"},{"questId":"23","questStage":"100"},{"questId":"24","questStage":"100"},{"questId":"25","questStage":"100"},{"questId":"26","questStage":"100"},{"questId":"27","questStage":"100"},{"questId":"28","questStage":"100"},{"questId":"157","questStage":"0"},{"questId":"29","questStage":"100"},{"questId":"30","questStage":"100"},{"questId":"31","questStage":"100"},{"questId":"33","questStage":"100"},{"questId":"35","questStage":"100"},{"questId":"36","questStage":"0"},{"questId":"38","questStage":"0"},{"questId":"40","questStage":"0"},{"questId":"41","questStage":"0"},{"questId":"44","questStage":"100"},{"questId":"47","questStage":"0"},{"questId":"48","questStage":"100"},{"questId":"49","questStage":"100"},{"questId":"52","questStage":"100"},{"questId":"55","questStage":"0"},{"questId":"59","questStage":"100"},{"questId":"61","questStage":"100"},{"questId":"62","questStage":"0"},{"questId":"64","questStage":"100"},{"questId":"65","questStage":"100"},{"questId":"67","questStage":"0"},{"questId":"68","questStage":"0"},{"questId":"70","questStage":"100"},{"questId":"71","questStage":"100"},{"questId":"74","questStage":"0"},{"questId":"76","questStage":"0"},{"questId":"77","questStage":"0"},{"questId":"81","questStage":"100"},{"questId":"83","questStage":"100"},{"questId":"84","questStage":"100"},{"questId":"86","questStage":"0"},{"questId":"87","questStage":"100"},{"questId":"89","questStage":"0"},{"questId":"95","questStage":"100"},{"questId":"96","questStage":"0"},{"questId":"98","questStage":"100"},{"questId":"99","questStage":"100"},{"questId":"100","questStage":"0"},{"questId":"103","questStage":"0"},{"questId":"105","questStage":"100"},{"questId":"108","questStage":"0"},{"questId":"109","questStage":"0"},{"questId":"113","questStage":"0"},{"questId":"121","questStage":"0"},{"questId":"123","questStage":"20"},{"questId":"124","questStage":"0"},{"questId":"125","questStage":"100"},{"questId":"126","questStage":"0"}],"points":"83"},"globalData":{"luthasTask":false,"doubleExpDelay":"0","macroDisabled":false,"abyssData":[true,true,false,true],"starSpriteDelay":"0","taskAmount":"0","wydinEmployee":false,"godPages":[false,false,false,false],"zafTime":"0","bossCounters":["0","0","338","286","696","15","0","0","0","0","0","1","0","0","0","0","0","0","0","0","0","0","0","0","0"],"strongHoldRewards":[true,true,true,true],"lowAlchemyCharges":"0","rcDecays":["0","0","0"],"apprentice":false,"zafAmount":"8","barrowsLoots":"7","taskPoints":"0","playerTestStage":"4","hunterCapeDelay":"0","globalTeleporterDelay":"0","recoilDamage":"40","lumbridgeRope":false,"hunterCapeCharges":"0","dropDelay":"0","geTutorial":true,"assistTime":"1714919173023","magicSkillCapeDelay":"0","lootSharePoints":"0","essenceTeleporter":"3021","readPlaques":[true,true,true,true,true,true,true],"chatPing":"0","overChargeDelay":"0","lowAlchemyDelay":"0","travelLogs":[true,false,true,true,true,false,true,true,true,true,true,true,false,false,false,true,true,true,false,false,true,true,true,true,true,true,false,true,false,true,true,true,true,true,true,false,false,false,false,false,false,false,false,false,false],"homeTeleportDelay":"0","karamjaBananas":"0","forgingUses":"0","joinedMonastery":true,"charmingDelay":"0","disableDeathScreen":true,"silkSteal":"1665683472651","draynorRecording":false,"assistExperience":["0.0","0.0","0.0","0.0","0.0","175.0","0.0","0.0","0.0"],"lootShareDelay":"1669863530875","godBooks":[false,false,true],"fritzGlass":false,"tutorialStage":"0","ectoCharges":"0","tutorClaim":"1683592745522","disableNews":false,"runReplenishDelay":"0","doubleExp":"0","runReplenishCharges":"0"},"core_data":{"blastCoal":[],"timers":{"farming:crops":{"patches":[{"patch-plantable-ordinal":40,"patch-paidprot":false,"patch-dead":true,"patch-stage":2,"patch-croplives":3,"patch-harvestAmt":1,"patch-compost":0,"patch-nextGrowth":1666305349973,"patch-diseased":true,"patch-checkHealth":false,"patch-ordinal":9,"patch-state":171,"patch-watered":false}]},"antimacro":{"ticksRemaining":"4449"}},"useSecondaryBank":false,"equipment":[{"amount":"1","charge":"1000","slot":"0","id":"1169"},{"amount":"1","charge":"1000","slot":"1","id":"1007"},{"amount":"1","charge":"1000","slot":"2","id":"1704"},{"amount":"1","charge":"1000","slot":"3","id":"10129"},{"amount":"1","charge":"1000","slot":"4","id":"426"},{"amount":"1","charge":"1000","slot":"7","id":"1011"},{"amount":"1","charge":"1000","slot":"9","id":"11120"}],"bankTabs":[{"startSlot":"0","index":"0"},{"startSlot":"0","index":"1"},{"startSlot":"127","index":"2"},{"startSlot":"179","index":"3"},{"startSlot":"231","index":"4"},{"startSlot":"267","index":"5"},{"startSlot":"308","index":"6"},{"startSlot":"371","index":"7"},{"startSlot":"380","index":"8"},{"startSlot":"395","index":"9"},{"startSlot":"395","index":"10"}],"inventory":[{"amount":"1","charge":"1000","slot":"0","id":"383"},{"amount":"1","charge":"1000","slot":"1","id":"383"},{"amount":"1","charge":"1000","slot":"2","id":"383"},{"amount":"1","charge":"1000","slot":"3","id":"383"},{"amount":"1","charge":"1000","slot":"4","id":"383"},{"amount":"1","charge":"1000","slot":"5","id":"383"},{"amount":"1","charge":"1000","slot":"6","id":"383"},{"amount":"1","charge":"1000","slot":"7","id":"383"},{"amount":"1","charge":"1000","slot":"8","id":"383"},{"amount":"1","charge":"1000","slot":"9","id":"383"},{"amount":"1","charge":"1000","slot":"10","id":"383"},{"amount":"1","charge":"1000","slot":"11","id":"383"},{"amount":"1","charge":"1000","slot":"12","id":"383"},{"amount":"1","charge":"1000","slot":"13","id":"383"},{"amount":"1","charge":"1000","slot":"14","id":"383"},{"amount":"1","charge":"1000","slot":"15","id":"383"},{"amount":"1","charge":"1000","slot":"16","id":"383"},{"amount":"1","charge":"1000","slot":"17","id":"383"}],"blastOre":[],"bankTabsSecondary":[{"startSlot":"0","index":"0"},{"startSlot":"0","index":"1"},{"startSlot":"0","index":"2"},{"startSlot":"0","index":"3"},{"startSlot":"0","index":"4"},{"startSlot":"0","index":"5"},{"startSlot":"0","index":"6"},{"startSlot":"0","index":"7"},{"startSlot":"0","index":"8"},{"startSlot":"0","index":"9"},{"startSlot":"0","index":"10"}],"bank":[{"amount":"31","charge":"1000","slot":"0","id":"1623"},{"amount":"36","charge":"1000","slot":"1","id":"1621"},{"amount":"37","charge":"1000","slot":"2","id":"1619"},{"amount":"4","charge":"1000","slot":"3","id":"1617"},{"amount":"1084","charge":"1000","slot":"4","id":"383"},{"amount":"17","charge":"1000","slot":"5","id":"385"},{"amount":"146","charge":"1000","slot":"6","id":"1436"},{"amount":"30","charge":"1000","slot":"7","id":"7936"},{"amount":"5","charge":"1000","slot":"8","id":"1733"},{"amount":"215","charge":"1000","slot":"9","id":"1607"},{"amount":"126","charge":"1000","slot":"10","id":"1605"},{"amount":"171","charge":"1000","slot":"11","id":"1603"},{"amount":"1","charge":"1000","slot":"12","id":"1601"},{"amount":"15","charge":"1000","slot":"13","id":"5560"},{"amount":"2","charge":"1000","slot":"14","id":"309"},{"amount":"1","charge":"1000","slot":"15","id":"5325"},{"amount":"4","charge":"1000","slot":"16","id":"2347"},{"amount":"1","charge":"1000","slot":"17","id":"11323"},{"amount":"3","charge":"1000","slot":"18","id":"305"},{"amount":"15","charge":"1000","slot":"19","id":"303"},{"amount":"4","charge":"1000","slot":"20","id":"5523"},{"amount":"7","charge":"1000","slot":"21","id":"1599"},{"amount":"6","charge":"1000","slot":"22","id":"1595"},{"amount":"10","charge":"1000","slot":"23","id":"2976"},{"amount":"8","charge":"1000","slot":"24","id":"1592"},{"amount":"2","charge":"1000","slot":"25","id":"9434"},{"amount":"6","charge":"1000","slot":"26","id":"11065"},{"amount":"6","charge":"1000","slot":"27","id":"1597"},{"amount":"11","charge":"1000","slot":"28","id":"946"},{"amount":"35","charge":"1000","slot":"29","id":"1511"},{"amount":"140","charge":"1000","slot":"30","id":"1521"},{"amount":"10","charge":"1000","slot":"31","id":"1519"},{"amount":"59","charge":"1000","slot":"32","id":"1517"},{"amount":"68","charge":"1000","slot":"33","id":"6332"},{"amount":"420","charge":"1000","slot":"34","id":"6333"},{"amount":"7","charge":"1000","slot":"35","id":"12581"},{"amount":"1002","charge":"1000","slot":"36","id":"1515"},{"amount":"291","charge":"1000","slot":"37","id":"1513"},{"amount":"107","charge":"1000","slot":"38","id":"442"},{"amount":"4","charge":"1000","slot":"39","id":"451"},{"amount":"22","charge":"1000","slot":"40","id":"449"},{"amount":"25","charge":"1000","slot":"41","id":"440"},{"amount":"229","charge":"1000","slot":"42","id":"453"},{"amount":"8","charge":"1000","slot":"43","id":"438"},{"amount":"74","charge":"1000","slot":"44","id":"444"},{"amount":"304","charge":"1000","slot":"45","id":"447"},{"amount":"13","charge":"1000","slot":"46","id":"436"},{"amount":"7","charge":"1000","slot":"47","id":"434"},{"amount":"7","charge":"1000","slot":"48","id":"2349"},{"amount":"4","charge":"1000","slot":"49","id":"2363"},{"amount":"3","charge":"1000","slot":"50","id":"2361"},{"amount":"2","charge":"1000","slot":"51","id":"2351"},{"amount":"2","charge":"1000","slot":"52","id":"2355"},{"amount":"21","charge":"1000","slot":"53","id":"2353"},{"amount":"5","charge":"1000","slot":"54","id":"2357"},{"amount":"1","charge":"1000","slot":"55","id":"2359"},{"amount":"9","charge":"1000","slot":"56","id":"960"},{"amount":"1","charge":"1000","slot":"57","id":"8782"},{"amount":"6","charge":"1000","slot":"58","id":"1929"},{"amount":"26","charge":"1000","slot":"59","id":"1925"},{"amount":"23","charge":"1000","slot":"60","id":"1783"},{"amount":"30","charge":"1000","slot":"61","id":"6032"},{"amount":"1","charge":"1000","slot":"62","id":"1931"},{"amount":"38","charge":"1000","slot":"63","id":"1825"},{"amount":"4","charge":"1000","slot":"64","id":"1831"},{"amount":"2","charge":"1000","slot":"65","id":"1829"},{"amount":"11","charge":"1000","slot":"66","id":"1823"},{"amount":"3","charge":"1000","slot":"67","id":"1933"},{"amount":"15","charge":"1000","slot":"68","id":"954"},{"amount":"5","charge":"1000","slot":"69","id":"12183"},{"amount":"24","charge":"1000","slot":"70","id":"592"},{"amount":"44","charge":"1000","slot":"71","id":"6693"},{"amount":"4","charge":"1000","slot":"72","id":"1265"},{"amount":"16","charge":"1000","slot":"73","id":"1755"},{"amount":"6","charge":"1000","slot":"74","id":"952"},{"amount":"1","charge":"897","slot":"75","id":"12861"},{"amount":"3","charge":"1000","slot":"76","id":"1357"},{"amount":"1","charge":"1000","slot":"77","id":"7993"},{"amount":"1","charge":"1000","slot":"78","id":"1351"},{"amount":"1","charge":"1000","slot":"79","id":"10115"},{"amount":"1","charge":"1000","slot":"80","id":"1743"},{"amount":"1","charge":"1000","slot":"81","id":"9187"},{"amount":"2","charge":"1000","slot":"82","id":"1949"},{"amount":"1","charge":"1000","slot":"83","id":"1734"},{"amount":"30","charge":"1000","slot":"84","id":"5075"},{"amount":"10","charge":"1000","slot":"85","id":"1753"},{"amount":"18","charge":"1000","slot":"86","id":"1927"},{"amount":"3","charge":"1000","slot":"87","id":"1735"},{"amount":"1","charge":"1000","slot":"88","id":"307"},{"amount":"2","charge":"1000","slot":"89","id":"8794"},{"amount":"5","charge":"1000","slot":"90","id":"8790"},{"amount":"2","charge":"1000","slot":"91","id":"11238"},{"amount":"147","charge":"1000","slot":"92","id":"11260"},{"amount":"50","charge":"1000","slot":"93","id":"1539"},{"amount":"156","charge":"1000","slot":"94","id":"314"},{"amount":"2","charge":"1000","slot":"95","id":"4621"},{"amount":"7","charge":"1000","slot":"96","id":"590"},{"amount":"24","charge":"1000","slot":"97","id":"1747"},{"amount":"2","charge":"1000","slot":"98","id":"993"},{"amount":"168","charge":"1000","slot":"99","id":"6979"},{"amount":"4","charge":"1000","slot":"100","id":"6155"},{"amount":"48","charge":"1000","slot":"101","id":"12007"},{"amount":"661","charge":"1000","slot":"102","id":"10476"},{"amount":"6","charge":"1000","slot":"103","id":"6983"},{"amount":"1","charge":"1000","slot":"104","id":"6814"},{"amount":"1","charge":"1000","slot":"105","id":"1975"},{"amount":"15","charge":"1003","slot":"106","id":"1734"},{"amount":"7","charge":"1000","slot":"107","id":"6981"},{"amount":"7","charge":"1000","slot":"108","id":"1759"},{"amount":"63","charge":"1000","slot":"109","id":"9193"},{"amount":"2","charge":"1000","slot":"110","id":"1273"},{"amount":"7","charge":"1000","slot":"111","id":"1523"},{"amount":"5","charge":"1000","slot":"112","id":"229"},{"amount":"1","charge":"1000","slot":"113","id":"526"},{"amount":"4","charge":"1000","slot":"114","id":"532"},{"amount":"6","charge":"1000","slot":"115","id":"6729"},{"amount":"4","charge":"1000","slot":"116","id":"8778"},{"amount":"4","charge":"1000","slot":"117","id":"10976"},{"amount":"1","charge":"1000","slot":"118","id":"1005"},{"amount":"1","charge":"1000","slot":"119","id":"987"},{"amount":"4","charge":"1002","slot":"120","id":"1734"},{"amount":"54","charge":"1000","slot":"121","id":"62"},{"amount":"1","charge":"1000","slot":"122","id":"5074"},{"amount":"2","charge":"1000","slot":"123","id":"3695"},{"amount":"35","charge":"1000","slot":"124","id":"8851"},{"amount":"3","charge":"1000","slot":"125","id":"5073"},{"amount":"1","charge":"1000","slot":"126","id":"1181"},{"amount":"12","charge":"1000","slot":"127","id":"1007"},{"amount":"28","charge":"1000","slot":"128","id":"1011"},{"amount":"9","charge":"1000","slot":"129","id":"426"},{"amount":"60","charge":"1000","slot":"130","id":"1171"},{"amount":"20","charge":"1000","slot":"131","id":"772"},{"amount":"556","charge":"1000","slot":"132","id":"1169"},{"amount":"2","charge":"1000","slot":"133","id":"1757"},{"amount":"1","charge":"1000","slot":"134","id":"3789"},{"amount":"1","charge":"1000","slot":"135","id":"6182"},{"amount":"2","charge":"1000","slot":"136","id":"1833"},{"amount":"3","charge":"1000","slot":"137","id":"1015"},{"amount":"3","charge":"1000","slot":"138","id":"3105"},{"amount":"3","charge":"1000","slot":"139","id":"579"},{"amount":"6","charge":"1000","slot":"140","id":"12844"},{"amount":"2","charge":"1000","slot":"141","id":"9752"},{"amount":"1","charge":"1000","slot":"142","id":"3779"},{"amount":"14","charge":"1000","slot":"143","id":"1835"},{"amount":"2","charge":"1000","slot":"144","id":"4407"},{"amount":"1","charge":"1000","slot":"145","id":"1052"},{"amount":"2","charge":"1000","slot":"146","id":"6313"},{"amount":"1","charge":"1000","slot":"147","id":"9006"},{"amount":"1","charge":"1000","slot":"148","id":"11949"},{"amount":"1","charge":"1000","slot":"149","id":"6655"},{"amount":"1","charge":"1000","slot":"150","id":"6654"},{"amount":"1","charge":"1000","slot":"151","id":"6656"},{"amount":"1","charge":"1000","slot":"152","id":"4302"},{"amount":"1","charge":"1000","slot":"153","id":"3785"},{"amount":"1","charge":"1000","slot":"154","id":"4298"},{"amount":"1","charge":"1000","slot":"155","id":"2643"},{"amount":"1","charge":"1000","slot":"156","id":"1837"},{"amount":"4","charge":"1000","slot":"157","id":"542"},{"amount":"4","charge":"1000","slot":"158","id":"544"},{"amount":"2","charge":"1000","slot":"159","id":"577"},{"amount":"2","charge":"1000","slot":"160","id":"1013"},{"amount":"1","charge":"1000","slot":"161","id":"6859"},{"amount":"4","charge":"1000","slot":"162","id":"2651"},{"amount":"1","charge":"1000","slot":"163","id":"10394"},{"amount":"1","charge":"1000","slot":"164","id":"2412"},{"amount":"1","charge":"1000","slot":"165","id":"9800"},{"amount":"1","charge":"1000","slot":"166","id":"9799"},{"amount":"1","charge":"1000","slot":"167","id":"12634"},{"amount":"1","charge":"1000","slot":"168","id":"1025"},{"amount":"1","charge":"1000","slot":"169","id":"428"},{"amount":"1","charge":"1000","slot":"170","id":"3763"},{"amount":"1","charge":"1000","slot":"171","id":"9803"},{"amount":"1","charge":"1000","slot":"172","id":"10318"},{"amount":"1","charge":"1000","slot":"173","id":"9802"},{"amount":"1","charge":"1000","slot":"174","id":"3761"},{"amount":"1","charge":"1000","slot":"175","id":"4300"},{"amount":"1","charge":"1000","slot":"176","id":"6180"},{"amount":"1","charge":"1000","slot":"177","id":"11756"},{"amount":"1","charge":"1000","slot":"178","id":"9751"},{"amount":"1","charge":"1000","slot":"179","id":"4155"},{"amount":"3","charge":"1000","slot":"180","id":"2552"},{"amount":"2","charge":"1000","slot":"181","id":"2556"},{"amount":"1","charge":"1000","slot":"182","id":"2562"},{"amount":"1","charge":"1000","slot":"183","id":"2558"},{"amount":"3","charge":"1000","slot":"184","id":"2560"},{"amount":"2","charge":"1000","slot":"185","id":"2566"},{"amount":"2","charge":"1000","slot":"186","id":"2564"},{"amount":"3","charge":"1000","slot":"187","id":"2554"},{"amount":"39","charge":"1000","slot":"188","id":"1639"},{"amount":"5","charge":"1000","slot":"189","id":"1635"},{"amount":"3","charge":"1000","slot":"190","id":"552"},{"amount":"2","charge":"1000","slot":"191","id":"3865"},{"amount":"1","charge":"1000","slot":"192","id":"3861"},{"amount":"2","charge":"1000","slot":"193","id":"3859"},{"amount":"1","charge":"1000","slot":"194","id":"3855"},{"amount":"7","charge":"1000","slot":"195","id":"3863"},{"amount":"3","charge":"1000","slot":"196","id":"3857"},{"amount":"11","charge":"1000","slot":"197","id":"3867"},{"amount":"624","charge":"1000","slot":"198","id":"1961"},{"amount":"2","charge":"1000","slot":"199","id":"1731"},{"amount":"1","charge":"1000","slot":"200","id":"1704"},{"amount":"1","charge":"1000","slot":"201","id":"1710"},{"amount":"1","charge":"1000","slot":"202","id":"1725"},{"amount":"4","charge":"1000","slot":"203","id":"1700"},{"amount":"3","charge":"1000","slot":"204","id":"11193"},{"amount":"1","charge":"1000","slot":"205","id":"11192"},{"amount":"35","charge":"1000","slot":"206","id":"11194"},{"amount":"1","charge":"1000","slot":"207","id":"1654"},{"amount":"1","charge":"1000","slot":"208","id":"11014"},{"amount":"3","charge":"1000","slot":"209","id":"13853"},{"amount":"3","charge":"1000","slot":"210","id":"13851"},{"amount":"2","charge":"1000","slot":"211","id":"13847"},{"amount":"1","charge":"1000","slot":"212","id":"13854"},{"amount":"3","charge":"1000","slot":"213","id":"11120"},{"amount":"1","charge":"1000","slot":"214","id":"11118"},{"amount":"2","charge":"1000","slot":"215","id":"11122"},{"amount":"1","charge":"0","slot":"216","id":"12484"},{"amount":"1","charge":"1000","slot":"217","id":"2550"},{"amount":"3","charge":"1000","slot":"218","id":"1637"},{"amount":"13","charge":"1000","slot":"219","id":"1641"},{"amount":"9","charge":"1000","slot":"220","id":"2568"},{"amount":"1","charge":"1000","slot":"221","id":"776"},{"amount":"2","charge":"1000","slot":"222","id":"10129"},{"amount":"5","charge":"1000","slot":"223","id":"1542"},{"amount":"2","charge":"1000","slot":"224","id":"989"},{"amount":"2","charge":"1000","slot":"225","id":"1590"},{"amount":"1","charge":"1000","slot":"226","id":"1507"},{"amount":"1","charge":"1000","slot":"227","id":"14651"},{"amount":"1","charge":"1000","slot":"228","id":"13562"},{"amount":"2","charge":"1000","slot":"229","id":"2570"},{"amount":"1","charge":"1000","slot":"230","id":"3842"},{"amount":"800","charge":"1000","slot":"231","id":"809"},{"amount":"333","charge":"1000","slot":"232","id":"886"},{"amount":"2328","charge":"1000","slot":"233","id":"892"},{"amount":"42","charge":"1000","slot":"234","id":"868"},{"amount":"88","charge":"1000","slot":"235","id":"866"},{"amount":"997","charge":"1000","slot":"236","id":"863"},{"amount":"1","charge":"1000","slot":"237","id":"9143"},{"amount":"522","charge":"1000","slot":"238","id":"9142"},{"amount":"24","charge":"1000","slot":"239","id":"810"},{"amount":"80","charge":"1000","slot":"240","id":"816"},{"amount":"1","charge":"1000","slot":"241","id":"808"},{"amount":"25","charge":"1000","slot":"242","id":"830"},{"amount":"1","charge":"1000","slot":"243","id":"829"},{"amount":"3392","charge":"1000","slot":"244","id":"8882"},{"amount":"1","charge":"1000","slot":"245","id":"9144"},{"amount":"2","charge":"1000","slot":"246","id":"8880"},{"amount":"5","charge":"1000","slot":"247","id":"10822"},{"amount":"2","charge":"1000","slot":"248","id":"1167"},{"amount":"1","charge":"1000","slot":"249","id":"2489"},{"amount":"153","charge":"1000","slot":"250","id":"4740"},{"amount":"3","charge":"1000","slot":"251","id":"10499"},{"amount":"13","charge":"1000","slot":"252","id":"2138"},{"amount":"101","charge":"1000","slot":"253","id":"11232"},{"amount":"249","charge":"1000","slot":"254","id":"11237"},{"amount":"1","charge":"1000","slot":"255","id":"13846"},{"amount":"1","charge":"1000","slot":"256","id":"10368"},{"amount":"1","charge":"1000","slot":"257","id":"861"},{"amount":"3","charge":"1000","slot":"258","id":"882"},{"amount":"63","charge":"1000","slot":"259","id":"805"},{"amount":"12","charge":"1000","slot":"260","id":"13879"},{"amount":"1","charge":"1000","slot":"261","id":"1135"},{"amount":"1","charge":"1000","slot":"262","id":"12936"},{"amount":"1","charge":"1000","slot":"263","id":"2491"},{"amount":"1","charge":"1000","slot":"264","id":"2503"},{"amount":"1","charge":"1000","slot":"265","id":"2497"},{"amount":"445","charge":"1000","slot":"266","id":"884"},{"amount":"884","charge":"1000","slot":"267","id":"562"},{"amount":"3679","charge":"1000","slot":"268","id":"564"},{"amount":"1","charge":"1000","slot":"269","id":"4698"},{"amount":"156","charge":"1000","slot":"270","id":"559"},{"amount":"170","charge":"1000","slot":"271","id":"560"},{"amount":"17412","charge":"1000","slot":"272","id":"554"},{"amount":"2062","charge":"1000","slot":"273","id":"555"},{"amount":"120","charge":"1000","slot":"274","id":"563"},{"amount":"1790","charge":"1000","slot":"275","id":"556"},{"amount":"2236","charge":"1000","slot":"276","id":"561"},{"amount":"1321","charge":"1000","slot":"277","id":"9075"},{"amount":"167","charge":"1000","slot":"278","id":"565"},{"amount":"2564","charge":"1000","slot":"279","id":"558"},{"amount":"1653","charge":"1000","slot":"280","id":"557"},{"amount":"4","charge":"1000","slot":"281","id":"4699"},{"amount":"2","charge":"1000","slot":"282","id":"1381"},{"amount":"2","charge":"1000","slot":"283","id":"1383"},{"amount":"5","charge":"1000","slot":"284","id":"1387"},{"amount":"1","charge":"1000","slot":"285","id":"1393"},{"amount":"2","charge":"1000","slot":"286","id":"1462"},{"amount":"4","charge":"1000","slot":"287","id":"1454"},{"amount":"15","charge":"1000","slot":"288","id":"1444"},{"amount":"46","charge":"1000","slot":"289","id":"1438"},{"amount":"3","charge":"1000","slot":"290","id":"1448"},{"amount":"40","charge":"1000","slot":"291","id":"1440"},{"amount":"2","charge":"1000","slot":"292","id":"5541"},{"amount":"3","charge":"1000","slot":"293","id":"5535"},{"amount":"7","charge":"1000","slot":"294","id":"8011"},{"amount":"1","charge":"1000","slot":"295","id":"1452"},{"amount":"3","charge":"1000","slot":"296","id":"1442"},{"amount":"1","charge":"1000","slot":"297","id":"4095"},{"amount":"1","charge":"1000","slot":"298","id":"1397"},{"amount":"6","charge":"1000","slot":"299","id":"1385"},{"amount":"1","charge":"1000","slot":"300","id":"12894"},{"amount":"1","charge":"1000","slot":"301","id":"12901"},{"amount":"1","charge":"1000","slot":"302","id":"12971"},{"amount":"1","charge":"1000","slot":"303","id":"10450"},{"amount":"1","charge":"1000","slot":"304","id":"12964"},{"amount":"1","charge":"1000","slot":"305","id":"12978"},{"amount":"1","charge":"1000","slot":"306","id":"12887"},{"amount":"1","charge":"1000","slot":"307","id":"10452"},{"amount":"6","charge":"1000","slot":"308","id":"199"},{"amount":"5","charge":"1000","slot":"309","id":"205"},{"amount":"30","charge":"1000","slot":"310","id":"251"},{"amount":"5","charge":"1000","slot":"311","id":"217"},{"amount":"3","charge":"1000","slot":"312","id":"249"},{"amount":"6","charge":"1000","slot":"313","id":"209"},{"amount":"510","charge":"1000","slot":"314","id":"201"},{"amount":"92","charge":"1000","slot":"315","id":"1779"},{"amount":"3","charge":"1000","slot":"316","id":"5098"},{"amount":"2","charge":"1000","slot":"317","id":"5293"},{"amount":"3","charge":"1000","slot":"318","id":"5318"},{"amount":"7","charge":"1000","slot":"319","id":"5319"},{"amount":"3","charge":"1000","slot":"320","id":"5096"},{"amount":"6","charge":"1000","slot":"321","id":"5104"},{"amount":"1","charge":"1000","slot":"322","id":"5102"},{"amount":"4","charge":"1000","slot":"323","id":"5312"},{"amount":"1","charge":"1000","slot":"324","id":"5286"},{"amount":"4","charge":"1000","slot":"325","id":"5310"},{"amount":"3","charge":"1000","slot":"326","id":"5320"},{"amount":"5","charge":"1000","slot":"327","id":"5101"},{"amount":"5","charge":"1000","slot":"328","id":"5292"},{"amount":"5","charge":"1000","slot":"329","id":"5307"},{"amount":"4","charge":"1000","slot":"330","id":"5297"},{"amount":"2","charge":"1000","slot":"331","id":"5308"},{"amount":"2","charge":"1000","slot":"332","id":"5322"},{"amount":"1","charge":"1000","slot":"333","id":"5298"},{"amount":"2","charge":"1000","slot":"334","id":"5311"},{"amount":"4","charge":"1000","slot":"335","id":"5294"},{"amount":"1","charge":"1000","slot":"336","id":"5099"},{"amount":"5","charge":"1000","slot":"337","id":"5100"},{"amount":"222","charge":"1000","slot":"338","id":"401"},{"amount":"2","charge":"1000","slot":"339","id":"5296"},{"amount":"7","charge":"1000","slot":"340","id":"5283"},{"amount":"2","charge":"1000","slot":"341","id":"5313"},{"amount":"2","charge":"1000","slot":"342","id":"5076"},{"amount":"2","charge":"1000","slot":"343","id":"5282"},{"amount":"1","charge":"1000","slot":"344","id":"5302"},{"amount":"3","charge":"1000","slot":"345","id":"5309"},{"amount":"7","charge":"1000","slot":"346","id":"5305"},{"amount":"100","charge":"1000","slot":"347","id":"1941"},{"amount":"3","charge":"1000","slot":"348","id":"5291"},{"amount":"2","charge":"1000","slot":"349","id":"5295"},{"amount":"1","charge":"1000","slot":"350","id":"5285"},{"amount":"8","charge":"1000","slot":"351","id":"5300"},{"amount":"4","charge":"1000","slot":"352","id":"203"},{"amount":"1","charge":"1000","slot":"353","id":"259"},{"amount":"4","charge":"1000","slot":"354","id":"253"},{"amount":"1","charge":"1000","slot":"355","id":"237"},{"amount":"1","charge":"1000","slot":"356","id":"5287"},{"amount":"1","charge":"1000","slot":"357","id":"5970"},{"amount":"1","charge":"1000","slot":"358","id":"7738"},{"amount":"2","charge":"1000","slot":"359","id":"1985"},{"amount":"1","charge":"1000","slot":"360","id":"1944"},{"amount":"2","charge":"1000","slot":"361","id":"2485"},{"amount":"2","charge":"1000","slot":"362","id":"5406"},{"amount":"1","charge":"1000","slot":"363","id":"213"},{"amount":"1","charge":"1000","slot":"364","id":"5105"},{"amount":"2","charge":"1000","slot":"365","id":"215"},{"amount":"1","charge":"1000","slot":"366","id":"12176"},{"amount":"2","charge":"1000","slot":"367","id":"5321"},{"amount":"1","charge":"1000","slot":"368","id":"5323"},{"amount":"21","charge":"1000","slot":"369","id":"231"},{"amount":"1","charge":"1000","slot":"370","id":"211"},{"amount":"6","charge":"1000","slot":"371","id":"119"},{"amount":"5","charge":"1000","slot":"372","id":"2436"},{"amount":"1","charge":"1000","slot":"373","id":"149"},{"amount":"1","charge":"1000","slot":"374","id":"2456"},{"amount":"22","charge":"1000","slot":"375","id":"227"},{"amount":"76","charge":"1000","slot":"376","id":"6664"},{"amount":"3","charge":"1000","slot":"377","id":"139"},{"amount":"4","charge":"1000","slot":"378","id":"113"},{"amount":"1","charge":"1000","slot":"379","id":"141"},{"amount":"7","charge":"1000","slot":"380","id":"3748"},{"amount":"1","charge":"1000","slot":"381","id":"1159"},{"amount":"1","charge":"1000","slot":"382","id":"1071"},{"amount":"1","charge":"1000","slot":"383","id":"1121"},{"amount":"1","charge":"1000","slot":"384","id":"12929"},{"amount":"1","charge":"1000","slot":"385","id":"1127"},{"amount":"1","charge":"1000","slot":"386","id":"10828"},{"amount":"1","charge":"1000","slot":"387","id":"1079"},{"amount":"1","charge":"1000","slot":"388","id":"4151"},{"amount":"1","charge":"1000","slot":"389","id":"9629"},{"amount":"1","charge":"1000","slot":"390","id":"1137"},{"amount":"1","charge":"1000","slot":"391","id":"9676"},{"amount":"1","charge":"1000","slot":"392","id":"9674"},{"amount":"1","charge":"1000","slot":"393","id":"5698"},{"amount":"1","charge":"1000","slot":"394","id":"3751"},{"amount":"351372","charge":"1000","slot":"395","id":"995"},{"amount":"82","charge":"1000","slot":"396","id":"12159"},{"amount":"63","charge":"1000","slot":"397","id":"12160"},{"amount":"103","charge":"1000","slot":"398","id":"12158"},{"amount":"739","charge":"1000","slot":"399","id":"12168"},{"amount":"33","charge":"1000","slot":"400","id":"12163"},{"amount":"268","charge":"1000","slot":"401","id":"1854"},{"amount":"105","charge":"1000","slot":"402","id":"4278"},{"amount":"100","charge":"1000","slot":"403","id":"12852"},{"amount":"66924","charge":"1000","slot":"404","id":"6529"},{"amount":"71","charge":"1000","slot":"405","id":"1963"},{"amount":"791","charge":"1000","slot":"406","id":"379"},{"amount":"4","charge":"1000","slot":"407","id":"2327"},{"amount":"17","charge":"1000","slot":"408","id":"1971"},{"amount":"1","charge":"1000","slot":"409","id":"1359"},{"amount":"16","charge":"1000","slot":"410","id":"1917"},{"amount":"11","charge":"1000","slot":"411","id":"387"},{"amount":"1","charge":"1000","slot":"412","id":"1275"},{"amount":"1","charge":"1000","slot":"413","id":"6965"},{"amount":"1","charge":"1000","slot":"414","id":"3502"},{"amount":"1","charge":"1000","slot":"415","id":"6183"},{"amount":"1","charge":"1000","slot":"416","id":"311"}],"blastBars":[],"location":"2402,3781,0","bankSecondary":[],"varp":[{"index":"1","value":"2041"},{"index":"520","value":"8192"},{"index":"531","value":"45"},{"index":"534","value":"38346752"},{"index":"1048","value":"17"},{"index":"281","value":"1000"},{"index":"1355","value":"6144"},{"index":"615","value":"294912"},{"index":"640","value":"3"},{"index":"907","value":"2"},{"index":"667","value":"32"},{"index":"1181","value":"768"},{"index":"1203","value":"603979776"},{"index":"728","value":"31"},{"index":"492","value":"4"},{"index":"1270","value":"3"}]},"pouches":[{"container":[{"itemId":"7936","amount":"1"},{"itemId":"7936","amount":"1"},{"itemId":"7936","amount":"1"}],"charges":"5","id":"5509","currentCap":"3"},{"container":[{"itemId":"7936","amount":"1"},{"itemId":"7936","amount":"1"},{"itemId":"7936","amount":"1"},{"itemId":"7936","amount":"1"},{"itemId":"7936","amount":"1"},{"itemId":"7936","amount":"1"}],"charges":"5","id":"5510","currentCap":"6"},{"container":[],"charges":"10","id":"5512","currentCap":"9"},{"container":[],"charges":"10","id":"5514","currentCap":"12"}],"achievementDiaries":[{"Karamja":{"completedLevels":[[false,false,false,false,false,false,false,false,false,false,false,false,false,false,false,false,false,false,false,false,false,false,false,false,false],[false,false,false,false,false,false,false,false,false,false,false,false,false,false,false,false,false,false,false,false,false,false,false,false,false],[false,false,false,false,false,false,false,false,false,false,false,false,false,false,false,false,false,false,false,false,false,false,false,false,false]],"rewardedLevels":[false,false,false],"startedLevels":[false,false,false]}},{"Varrock":{"completedLevels":[[false,false,false,false,false,false,false,false,false,false,false,false,false,false,false,false,false,false,false,false,false,false,false,false,false],[false,false,false,false,false,false,false,false,false,false,false,false,false,false,false,false,false,false,false,false,false,false,false,false,false],[false,false,false,false,false,false,false,false,false,false,false,false,false,false,false,false,false,false,false,false,false,false,false,false,false]],"rewardedLevels":[false,false,false],"startedLevels":[false,false,false]}},{"Lumbridge":{"completedLevels":[[false,false,false,false,false,false,false,false,false,false,false,false,false,false,false,false,false,false,false,false,false,false,false,false,false],[false,false,false,false,false,false,false,false,false,false,false,false,false,false,false,false,false,false,false,false,false,false,false,false,false],[false,false,false,false,false,false,false,false,false,false,false,false,false,false,false,false,false,false,false,false,false,false,false,false,false]],"rewardedLevels":[false,false,false],"startedLevels":[false,false,false]}},{"Falador":{"completedLevels":[[false,false,false,false,false,false,false,false,false,false,false,false,false,false,false,false,false,false,false,false,false,false,false,false,false],[false,false,false,false,false,false,false,false,false,false,false,false,false,false,false,false,false,false,false,false,false,false,false,false,false],[false,false,false,false,false,false,false,false,false,false,false,false,false,false,false,false,false,false,false,false,false,false,false,false,false]],"rewardedLevels":[false,false,false],"startedLevels":[false,false,false]}},{"Fremennik":{"completedLevels":[[false,false,false,false,false,false,false,false,false,false,false,false,false,false,false,false,false,false,false,false,false,false,false,false,false],[false,false,false,false,false,false,false,false,false,false,false,false,false,false,false,false,false,false,false,false,false,false,false,false,false],[false,false,false,false,false,false,false,false,false,false,false,false,false,false,false,false,false,false,false,false,false,false,false,false,false]],"rewardedLevels":[false,false,false],"startedLevels":[false,false,false]}},{"Seers' Village":{"completedLevels":[[false,false,false,false,false,false,false,false,false,false,false,false,false,false,false,false,false,false,false,false,false,false,false,false,false],[false,false,false,false,false,false,false,false,false,false,false,false,false,false,false,false,false,false,false,false,false,false,false,false,false],[false,false,false,false,false,false,false,false,false,false,false,false,false,false,false,false,false,false,false,false,false,false,false,false,false]],"rewardedLevels":[false,false,false],"startedLevels":[false,false,false]}}],"version":1,"totalEXP":"9.480463369580951E7","appearance":{"appearance_cache":[{"color":"1","look":"253"},{"color":"0","look":"14"},{"color":"16","look":"18"},{"color":"0","look":"26"},{"color":"7","look":"33"},{"color":"16","look":"37"},{"color":"0","look":"42"}],"gender":"0"},"milestone":{"skillMilestone":"3","combatMilestone":"9"},"bankPinManager":{"longRecovery":false},"attributes":[{"type":"bool","value":true,"key":"quest-varps-converted"},{"type":"int","value":"71","key":"tutorial:stage"},{"type":"bool","value":true,"key":"tutorial:complete"},{"type":"bool","value":true,"key":"rules:confirmed"},{"type":"int","value":"127104","key":"stats_manager:enemies_killed"},{"type":"int","value":"52983","key":"stats_manager:logs_chopped"},{"type":"int","value":"710","key":"stats_manager:alkharid_gate"},{"type":"bool","value":false,"key":"strong-hold:door"},{"type":"int","value":"96313","key":"stats_manager:rocks_mined"},{"type":"int","value":"0","key":"phns:points"},{"type":"int","value":"110","key":"stats_manager:deaths"},{"type":"bool","value":true,"key":"keldagrim-visited"},{"type":"bool","value":true,"key":"priest_in_peril:tinderbox"},{"type":"bool","value":true,"key":"priest_in_peril:feather"},{"type":"bool","value":true,"key":"priest_in_peril:pot"},{"type":"bool","value":true,"key":"priest_in_peril:needle"},{"type":"bool","value":true,"key":"priest_in_peril:hammer"},{"type":"int","value":"1","key":"treegnome:xcoord"},{"type":"bool","value":true,"key":"treegnome:tracker3"},{"type":"bool","value":true,"key":"treegnome:tracker1"},{"type":"bool","value":true,"key":"treegnome:tracker2"},{"type":"bool","value":true,"key":"ns:mirror_taken"},{"type":"bool","value":true,"key":"ns:grotto_searched"},{"type":"int","value":"0","key":"shooting-star:bonus-xp"},{"type":"int","value":"50","key":"coal-truck-inventory"},{"type":"bool","value":true,"key":"phoenix-gang"},{"type":"bool","value":true,"key":"diary:varrock:spun-bowl"},{"type":"int","value":"4","key":"ns:ghasts_killed"},{"type":"int","value":"278","key":"tlt-witness"},{"type":"bool","value":true,"key":"tlt-hole-cleared"},{"type":"bool","value":true,"key":"tlt-goblin-emotes"},{"type":"bool","value":true,"key":"mistag-greeted"},{"type":"bool","value":true,"key":"ew1:got_leather"},{"type":"bool","value":true,"key":"ew1:bellows_fixed"},{"type":"str","value":"Sigkir","key":"fremennikname"},{"type":"int","value":"1987","key":"stats_manager:essence_crafted"},{"type":"bool","value":true,"key":"star-ring:bp-shown"},{"type":"int","value":"3","key":"milling:grain"},{"type":"int","value":"8","key":"gravetype"},{"type":"int","value":"0","key":"the-golem:statuette-rotation:0"},{"type":"int","value":"1","key":"the-golem:statuette-rotation:1"},{"type":"int","value":"1","key":"the-golem:statuette-rotation:2"},{"type":"int","value":"0","key":"the-golem:statuette-rotation:3"},{"type":"bool","value":true,"key":"the-golem:statuette-rotation:initialized"},{"type":"bool","value":true,"key":"the-golem:read-elissa-letter"},{"type":"int","value":"4","key":"the-golem:clay-used"},{"type":"bool","value":true,"key":"the-golem:varmen-notes-read"},{"type":"bool","value":true,"key":"the-golem:placed-statuette"},{"type":"bool","value":true,"key":"the-golem:door-open"},{"type":"bool","value":true,"key":"the-golem:seen-demon"},{"type":"bool","value":true,"key":"the-golem:gems-taken"},{"type":"int","value":"108732","key":"stats_manager:fish_caught"},{"type":"bool","value":true,"key":"barbtraining:fishing"},{"type":"int","value":"3057","key":"vinesweeper:return-tele:x"},{"type":"int","value":"3260","key":"vinesweeper:return-tele:y"},{"type":"bool","value":true,"key":"tarik-spoken-to"},{"type":"bool","value":true,"key":"pp:mummy-spoken-to"},{"type":"int","value":"0","key":"vinesweeper:points"},{"type":"bool","value":false,"key":"avadevice:attract"},{"type":"int","value":"15","key":"rovingelves:crystal-teleport-recharges"},{"type":"int","value":"2","key":"vinesweeper:stored-flags"},{"type":"int","value":"1","key":"chompy-kills"},{"type":"bool","value":true,"key":"pirate-read"},{"type":"bool","value":true,"key":"diaries:varrock:alttele"},{"type":"bool","value":true,"key":"sir-renitee-assigned-crest"},{"type":"long","value":"1703369659938","key":"diary:falador:shield-restore-time"},{"type":"int","value":"18","key":"poison_damage"},{"type":"bool","value":true,"key":"ge-exclude"},{"type":"int","value":"3","key":"jobs:id"},{"type":"int","value":"24","key":"jobs:amount"},{"type":"int","value":"24","key":"jobs:original_amount"},{"type":"int","value":"0","key":"jobs:type"},{"type":"long","value":"1673810614970","key":"christmas-cooldown"},{"type":"long","value":"8330256","key":"last-wealth"},{"type":"long","value":"1722877030433","key":"last-wealth-check"},{"type":"bool","value":false,"key":"globalmute"},{"type":"int","value":"776","key":"family-crest:gauntlets"},{"type":"bool","value":true,"key":"diary:seers:bass-caught"},{"type":"bool","value":true,"key":"grandtree:opt1"},{"type":"bool","value":true,"key":"grandtree:opt2"},{"type":"bool","value":true,"key":"grandtree:opt3"},{"type":"bool","value":true,"key":"grandtree:twig1"},{"type":"bool","value":true,"key":"grandtree:twig2"},{"type":"bool","value":true,"key":"grandtree:twig3"},{"type":"bool","value":true,"key":"grandtree:twig4"},{"type":"int","value":"3","key":"treegnome:rock"},{"type":"location","value":"[2428, 4446, 0]","key":"puro-exit"},{"type":"int","value":"5","key":"diary:seers:flax-picked"},{"type":"int","value":"0","key":"deathplateau:haroldMoney"},{"type":"int","value":"691","key":"easter2024:eggs"},{"type":"str","value":"ZoneBorders [southWestX=3405, southWestY=4773, northEastX=3408, northEastY=4779, exceptions=null]","key":"evilbob:fishingzone"}],"treasureTrails":{"completedClues":["1","20","16"]},"houseData":{"servant":{"greet":false,"uses":"0","type":"5"},"rooms":[{"rotation":"2","x":"3","y":"3","z":"0","hotspots":[],"properties":"2"},{"rotation":"0","x":"3","y":"4","z":"0","hotspots":[{"decorationIndex":"0","hotspotIndex":"9"}],"properties":"10"},{"rotation":"0","x":"4","y":"3","z":"0","hotspots":[{"decorationIndex":"0","hotspotIndex":"0"}],"properties":"1"},{"rotation":"0","x":"4","y":"4","z":"0","hotspots":[{"decorationIndex":"1","hotspotIndex":"33"},{"decorationIndex":"2","hotspotIndex":"35"},{"decorationIndex":"3","hotspotIndex":"36"}],"properties":"0"},{"rotation":"1","x":"5","y":"2","z":"0","hotspots":[],"properties":"2"},{"rotation":"1","x":"5","y":"3","z":"0","hotspots":[],"properties":"3"},{"rotation":"0","x":"3","y":"3","z":"1","hotspots":[],"properties":"23"},{"rotation":"0","x":"3","y":"4","z":"1","hotspots":[],"properties":"23"},{"rotation":"1","x":"4","y":"4","z":"1","hotspots":[],"properties":"23"},{"rotation":"0","x":"5","y":"2","z":"1","hotspots":[],"properties":"23"},{"rotation":"0","x":"5","y":"3","z":"1","hotspots":[],"properties":"23"}],"location":"4","style":"4"},"statistics":[]}