{"familiarManager":{"petDetails":[]},"ge-history":[{"completedAmount":"1","itemId":"538","isSell":false,"totalCoinExchange":"184"},{"completedAmount":"1","itemId":"540","isSell":false,"totalCoinExchange":"360"},{"completedAmount":"5","itemId":"288","isSell":false,"totalCoinExchange":"2185"},{"completedAmount":"101","itemId":"561","isSell":false,"totalCoinExchange":"42218"},{"completedAmount":"11","itemId":"563","isSell":false,"totalCoinExchange":"4598"}],"barCrawl":{"started":true,"bars":[true,false,false,false,false,true,false,false,true,false]},"exp_multiplier":"5.0","unlockedMusic":["177","8","141","50","348","102","90","36","178","487","123","334","124","160","186","337","24","338","27","180","343","2","347","324","152","351","99","64","104","325","68","63","181","361","169","37","174","56","327","69","148","377","138","106","41","153","496","118","72","383","167","119","387","163","98","159","125","22","33","116","402","76","55","407","18","96","6","419","172","418","114","115","425","191","60","66","447","113","74","467","488","161","12","20","13","185","184","409","328","157","193","502","107","475","476","21","478","10","479","155","62","127","7","93","329","89","501","91","505","57","5","144","332","92","35","52","175","529","77","333","129","108","151","111","140","133","544","109","454","94","192","537","183","558","179","3","70","85","32","49","82","435","42","43","81","15","603","612","614","54","145","166","105","87","46","634","164","176","200","146","88","48","84","61","154","156","149","187","9","97","241","245","246","257","261","260","267","273","291","293","456","317","320"],"states":[],"skills":[{"static":"99","dynamic":"99","id":"0","experience":"1.304485E7"},{"static":"98","dynamic":"98","id":"1","experience":"1.196012E7"},{"static":"99","dynamic":"99","id":"2","experience":"1.3515905E7"},{"static":"98","dynamic":"98","id":"3","experience":"1.2941366100003535E7"},{"static":"69","dynamic":"69","id":"4","experience":"702140.0"},{"static":"45","dynamic":"45","id":"5","experience":"67192.5"},{"static":"53","dynamic":"53","id":"6","experience":"138945.05"},{"static":"55","dynamic":"55","id":"7","experience":"179675.0"},{"static":"68","dynamic":"68","id":"8","experience":"641111.0"},{"static":"7","dynamic":"7","id":"9","experience":"725.0"},{"static":"70","dynamic":"70","id":"10","experience":"777025.0"},{"static":"31","dynamic":"31","id":"11","experience":"16250.0"},{"static":"48","dynamic":"48","id":"12","experience":"91537.0"},{"static":"50","dynamic":"50","id":"13","experience":"111457.5"},{"static":"91","dynamic":"91","id":"14","experience":"6147065.0"},{"static":"36","dynamic":"36","id":"15","experience":"26940.0"},{"static":"54","dynamic":"54","id":"16","experience":"152720.5"},{"static":"72","dynamic":"72","id":"17","experience":"978815.0"},{"static":"40","dynamic":"40","id":"18","experience":"38300.0"},{"static":"11","dynamic":"11","id":"19","experience":"1376.9230769230771"},{"static":"26","dynamic":"26","id":"20","experience":"9680.0"},{"static":"22","dynamic":"22","id":"21","experience":"5850.0"},{"static":"1","dynamic":"1","id":"22","experience":"0.0"},{"static":"11","dynamic":"11","id":"23","experience":"1429.0"}],"spellbook":"192","activityData":{"elnockSupplies":false,"lostCannon":false,"barrowBrothers":[false,false,false,false,false,false],"barrowTunnelIndex":"0","bountyRogueRate":"0","borkKills":"0","solvedMazes":"0","bountyHunterRate":"0","pizazzPoints":["0","0","0","0"],"startedMta":false,"hardcoreDeath":false,"pestPoints":"0","kolodionBoss":"0","warriorGuildTokens":"0","kolodionStage":"0","godCasts":["0","0","0"],"barrowKills":"0","fogRating":"0","bonesToPeaches":false,"lastBorkBattle":"0","topGrabbed":false},"emoteData":["0","1","2","3","4","5","6","7","8","9","10","11","12","13","14","15","16","17","18","19","20","21","37","40","30","36","22","23"],"questData":{"dragonSlayerPlanks":"0","talkedDrezel":true,"desertTreasureNode":[{"amount":"12","id":"1513"},{"amount":"10","id":"592"},{"amount":"6","id":"1775"},{"amount":"6","id":"2353"},{"amount":"2","id":"526"},{"amount":"2","id":"973"},{"amount":"1","id":"565"}],"cooksAssistant":[false,false,false,false],"witchsExperimentKilled":false,"draynorLever":[true,true,true,true,true,true],"dragonSlayer":[false,false,false,false,false,false,false,false,false],"witchsExperimentStage":"0","demonSlayer":[false,false],"gardenerAttack":false},"settings":{"attackStyle":"3","splitPrivate":false,"disableChatEffects":false,"clanChatSetting":"0","runToggled":true,"assistSetting":"0","acceptAid":false,"soundEffectVolume":"0","areaSoundVolume":"0","brightness":"2","publicChatSetting":"0","singleMouse":false,"specialEnergy":"100","tradeSetting":"0","retaliation":true,"privateChatSetting":"0","musicVolume":"0","runEnergy":"94.25500495867797"},"slayer":{"taskStreak":"0","rewardFlags":0,"equipmentFlags":0,"taskFlags":274627,"totalTasks":"1"},"quests":{"questStages":[{"questId":"128","questStage":"100"},{"questId":"136","questStage":"0"},{"questId":"14","questStage":"100"},{"questId":"15","questStage":"100"},{"questId":"16","questStage":"0"},{"questId":"17","questStage":"100"},{"questId":"18","questStage":"20"},{"questId":"146","questStage":"100"},{"questId":"19","questStage":"0"},{"questId":"20","questStage":"100"},{"questId":"21","questStage":"100"},{"questId":"22","questStage":"100"},{"questId":"23","questStage":"0"},{"questId":"24","questStage":"0"},{"questId":"25","questStage":"100"},{"questId":"26","questStage":"0"},{"questId":"27","questStage":"100"},{"questId":"28","questStage":"100"},{"questId":"157","questStage":"0"},{"questId":"29","questStage":"0"},{"questId":"30","questStage":"100"},{"questId":"31","questStage":"0"},{"questId":"33","questStage":"0"},{"questId":"35","questStage":"0"},{"questId":"36","questStage":"0"},{"questId":"38","questStage":"0"},{"questId":"40","questStage":"0"},{"questId":"41","questStage":"0"},{"questId":"44","questStage":"100"},{"questId":"47","questStage":"0"},{"questId":"48","questStage":"100"},{"questId":"49","questStage":"0"},{"questId":"52","questStage":"100"},{"questId":"55","questStage":"0"},{"questId":"59","questStage":"0"},{"questId":"61","questStage":"100"},{"questId":"62","questStage":"0"},{"questId":"64","questStage":"0"},{"questId":"65","questStage":"100"},{"questId":"67","questStage":"100"},{"questId":"68","questStage":"0"},{"questId":"70","questStage":"0"},{"questId":"71","questStage":"100"},{"questId":"74","questStage":"0"},{"questId":"76","questStage":"0"},{"questId":"77","questStage":"0"},{"questId":"81","questStage":"0"},{"questId":"83","questStage":"100"},{"questId":"84","questStage":"100"},{"questId":"86","questStage":"0"},{"questId":"87","questStage":"100"},{"questId":"89","questStage":"0"},{"questId":"95","questStage":"100"},{"questId":"96","questStage":"0"},{"questId":"98","questStage":"100"},{"questId":"99","questStage":"100"},{"questId":"100","questStage":"0"},{"questId":"103","questStage":"100"},{"questId":"105","questStage":"0"},{"questId":"107","questStage":"0"},{"questId":"108","questStage":"0"},{"questId":"109","questStage":"100"},{"questId":"113","questStage":"0"},{"questId":"121","questStage":"0"},{"questId":"123","questStage":"0"},{"questId":"124","questStage":"100"},{"questId":"125","questStage":"100"},{"questId":"126","questStage":"0"}],"points":"57"},"globalData":{"luthasTask":false,"doubleExpDelay":"0","macroDisabled":false,"abyssData":[true,true,false,true],"starSpriteDelay":"0","taskAmount":"0","wydinEmployee":false,"godPages":[false,false,false,false],"zafTime":"0","bossCounters":["0","0","0","0","0","0","0","0","0","0","0","0","0","0","0","0","0","0","0","0","0","0","0","0","0"],"strongHoldRewards":[true,false,false,false],"lowAlchemyCharges":"0","rcDecays":["0","0","0"],"apprentice":false,"zafAmount":"8","barrowsLoots":"0","taskPoints":"0","playerTestStage":"3","hunterCapeDelay":"0","globalTeleporterDelay":"0","recoilDamage":"40","lumbridgeRope":false,"hunterCapeCharges":"0","dropDelay":"0","geTutorial":false,"assistTime":"0","magicSkillCapeDelay":"0","lootSharePoints":"0","essenceTeleporter":"553","readPlaques":[true,true,true,true,true,true,true],"chatPing":"0","overChargeDelay":"0","lowAlchemyDelay":"0","travelLogs":[false,false,false,false,false,false,true,false,false,false,false,false,false,false,false,true,false,false,false,false,false,false,false,false,true,true,false,false,false,false,false,false,false,false,true,false,false,false,false,false,false,false,false,false,false],"homeTeleportDelay":"0","karamjaBananas":"0","forgingUses":"0","joinedMonastery":true,"charmingDelay":"0","disableDeathScreen":false,"silkSteal":"0","draynorRecording":false,"assistExperience":["0.0","0.0","0.0","0.0","0.0","0.0","0.0","0.0","0.0"],"lootShareDelay":"1711711125419","godBooks":[false,false,false],"fritzGlass":true,"tutorialStage":"0","ectoCharges":"0","tutorClaim":"1712441938143","disableNews":false,"runReplenishDelay":"0","doubleExp":"0","runReplenishCharges":"0"},"core_data":{"blastCoal":[],"timers":{"antimacro":{"ticksRemaining":"7329"}},"useSecondaryBank":false,"equipment":[{"amount":"1","charge":"1000","slot":"0","id":"1169"},{"amount":"1","charge":"1000","slot":"1","id":"1007"},{"amount":"1","charge":"1000","slot":"2","id":"3857"},{"amount":"1","charge":"1000","slot":"3","id":"1275"},{"amount":"1","charge":"1000","slot":"4","id":"426"},{"amount":"1","charge":"1000","slot":"5","id":"1171"},{"amount":"1","charge":"1000","slot":"7","id":"1011"}],"bankTabs":[{"startSlot":"0","index":"0"},{"startSlot":"0","index":"1"},{"startSlot":"29","index":"2"},{"startSlot":"150","index":"3"},{"startSlot":"165","index":"4"},{"startSlot":"226","index":"5"},{"startSlot":"249","index":"6"},{"startSlot":"294","index":"7"},{"startSlot":"327","index":"8"},{"startSlot":"334","index":"9"},{"startSlot":"334","index":"10"}],"inventory":[],"blastOre":[],"bankTabsSecondary":[{"startSlot":"0","index":"0"},{"startSlot":"0","index":"1"},{"startSlot":"0","index":"2"},{"startSlot":"0","index":"3"},{"startSlot":"0","index":"4"},{"startSlot":"0","index":"5"},{"startSlot":"0","index":"6"},{"startSlot":"0","index":"7"},{"startSlot":"0","index":"8"},{"startSlot":"0","index":"9"},{"startSlot":"0","index":"10"}],"bank":[{"amount":"244","charge":"1000","slot":"0","id":"563"},{"amount":"524","charge":"1000","slot":"1","id":"557"},{"amount":"226","charge":"1000","slot":"2","id":"559"},{"amount":"496","charge":"1000","slot":"3","id":"554"},{"amount":"52","charge":"1000","slot":"4","id":"562"},{"amount":"245","charge":"1000","slot":"5","id":"7936"},{"amount":"3171","charge":"1000","slot":"6","id":"564"},{"amount":"1092","charge":"1000","slot":"7","id":"9075"},{"amount":"321","charge":"1000","slot":"8","id":"555"},{"amount":"4","charge":"1000","slot":"9","id":"4699"},{"amount":"132","charge":"1000","slot":"10","id":"561"},{"amount":"192","charge":"1000","slot":"11","id":"558"},{"amount":"2997","charge":"1000","slot":"12","id":"556"},{"amount":"7","charge":"1000","slot":"13","id":"560"},{"amount":"18","charge":"1000","slot":"14","id":"4696"},{"amount":"2","charge":"1000","slot":"15","id":"1448"},{"amount":"2","charge":"1000","slot":"16","id":"1440"},{"amount":"1","charge":"1000","slot":"17","id":"1442"},{"amount":"7","charge":"1000","slot":"18","id":"1454"},{"amount":"2","charge":"1000","slot":"19","id":"1438"},{"amount":"2","charge":"1000","slot":"20","id":"1387"},{"amount":"5","charge":"1000","slot":"21","id":"1383"},{"amount":"2","charge":"1000","slot":"22","id":"1385"},{"amount":"2","charge":"1000","slot":"23","id":"1381"},{"amount":"1","charge":"1000","slot":"24","id":"2890"},{"amount":"1","charge":"1000","slot":"25","id":"1444"},{"amount":"1","charge":"1000","slot":"26","id":"5509"},{"amount":"1","charge":"1000","slot":"27","id":"1391"},{"amount":"2","charge":"1000","slot":"28","id":"5073"},{"amount":"5","charge":"1000","slot":"29","id":"590"},{"amount":"1","charge":"1000","slot":"30","id":"1935"},{"amount":"1","charge":"1000","slot":"31","id":"1944"},{"amount":"8","charge":"1000","slot":"32","id":"2347"},{"amount":"2","charge":"1000","slot":"33","id":"307"},{"amount":"2","charge":"1000","slot":"34","id":"954"},{"amount":"4","charge":"1000","slot":"35","id":"1783"},{"amount":"3","charge":"1000","slot":"36","id":"1929"},{"amount":"6","charge":"1000","slot":"37","id":"6032"},{"amount":"3","charge":"1000","slot":"38","id":"1925"},{"amount":"8","charge":"1000","slot":"39","id":"438"},{"amount":"14","charge":"1000","slot":"40","id":"436"},{"amount":"265","charge":"1000","slot":"41","id":"444"},{"amount":"1","charge":"1000","slot":"42","id":"668"},{"amount":"8","charge":"1000","slot":"43","id":"442"},{"amount":"3","charge":"1000","slot":"44","id":"447"},{"amount":"17","charge":"1000","slot":"45","id":"453"},{"amount":"18","charge":"1000","slot":"46","id":"440"},{"amount":"10","charge":"1000","slot":"47","id":"449"},{"amount":"4","charge":"1000","slot":"48","id":"434"},{"amount":"4","charge":"1000","slot":"49","id":"2351"},{"amount":"1","charge":"1000","slot":"50","id":"2363"},{"amount":"138","charge":"1000","slot":"51","id":"2357"},{"amount":"2","charge":"1000","slot":"52","id":"2353"},{"amount":"2","charge":"1000","slot":"53","id":"2355"},{"amount":"1741","charge":"1000","slot":"54","id":"314"},{"amount":"1079","charge":"1000","slot":"55","id":"1517"},{"amount":"17","charge":"1000","slot":"56","id":"1511"},{"amount":"307","charge":"1000","slot":"57","id":"1521"},{"amount":"2","charge":"1000","slot":"58","id":"5075"},{"amount":"8","charge":"1000","slot":"59","id":"1627"},{"amount":"313","charge":"1000","slot":"60","id":"1623"},{"amount":"296","charge":"1000","slot":"61","id":"1621"},{"amount":"318","charge":"1000","slot":"62","id":"1619"},{"amount":"12","charge":"1000","slot":"63","id":"1617"},{"amount":"1","charge":"1000","slot":"64","id":"1631"},{"amount":"7","charge":"1000","slot":"65","id":"5560"},{"amount":"9","charge":"1000","slot":"66","id":"1755"},{"amount":"1","charge":"1000","slot":"67","id":"1741"},{"amount":"18","charge":"1000","slot":"68","id":"1747"},{"amount":"1","charge":"1000","slot":"69","id":"1611"},{"amount":"38","charge":"1000","slot":"70","id":"1607"},{"amount":"4","charge":"1000","slot":"71","id":"1605"},{"amount":"3","charge":"1000","slot":"72","id":"1603"},{"amount":"1","charge":"1000","slot":"73","id":"1601"},{"amount":"6","charge":"1000","slot":"74","id":"1733"},{"amount":"4","charge":"1000","slot":"75","id":"1735"},{"amount":"5","charge":"1000","slot":"76","id":"1739"},{"amount":"1","charge":"1000","slot":"77","id":"1825"},{"amount":"4","charge":"1000","slot":"78","id":"960"},{"amount":"4","charge":"1000","slot":"79","id":"11065"},{"amount":"2","charge":"1000","slot":"80","id":"9434"},{"amount":"2","charge":"1000","slot":"81","id":"1597"},{"amount":"3","charge":"1000","slot":"82","id":"1599"},{"amount":"2","charge":"1000","slot":"83","id":"2976"},{"amount":"2","charge":"1000","slot":"84","id":"1595"},{"amount":"7","charge":"1000","slot":"85","id":"1594"},{"amount":"2","charge":"1000","slot":"86","id":"1592"},{"amount":"5","charge":"1000","slot":"87","id":"5523"},{"amount":"4","charge":"1000","slot":"88","id":"948"},{"amount":"7","charge":"1000","slot":"89","id":"237"},{"amount":"2","charge":"1000","slot":"90","id":"36"},{"amount":"3","charge":"1000","slot":"91","id":"970"},{"amount":"6","charge":"1000","slot":"92","id":"2859"},{"amount":"2","charge":"1000","slot":"93","id":"530"},{"amount":"12","charge":"1000","slot":"94","id":"526"},{"amount":"56","charge":"1000","slot":"95","id":"536"},{"amount":"334","charge":"1000","slot":"96","id":"10476"},{"amount":"2","charge":"1000","slot":"97","id":"288"},{"amount":"8","charge":"1000","slot":"98","id":"8778"},{"amount":"8","charge":"1000","slot":"99","id":"1351"},{"amount":"7","charge":"1000","slot":"100","id":"946"},{"amount":"2","charge":"1000","slot":"101","id":"592"},{"amount":"64","charge":"1002","slot":"102","id":"1734"},{"amount":"4","charge":"1000","slot":"103","id":"4527"},{"amount":"2","charge":"1000","slot":"104","id":"1949"},{"amount":"1","charge":"1000","slot":"105","id":"401"},{"amount":"300","charge":"1000","slot":"106","id":"4819"},{"amount":"3","charge":"1000","slot":"107","id":"952"},{"amount":"3","charge":"1000","slot":"108","id":"1923"},{"amount":"6","charge":"1000","slot":"109","id":"1759"},{"amount":"2","charge":"1000","slot":"110","id":"303"},{"amount":"6","charge":"1000","slot":"111","id":"1265"},{"amount":"1","charge":"1000","slot":"112","id":"1823"},{"amount":"1000","charge":"1000","slot":"113","id":"1734"},{"amount":"1","charge":"1000","slot":"114","id":"3420"},{"amount":"98","charge":"1000","slot":"115","id":"11260"},{"amount":"6","charge":"1000","slot":"116","id":"5970"},{"amount":"240","charge":"1000","slot":"117","id":"52"},{"amount":"10","charge":"1000","slot":"118","id":"50"},{"amount":"2","charge":"1000","slot":"119","id":"10496"},{"amount":"2","charge":"1000","slot":"120","id":"2142"},{"amount":"4","charge":"1000","slot":"121","id":"1931"},{"amount":"5","charge":"1000","slot":"122","id":"1353"},{"amount":"2","charge":"1000","slot":"123","id":"309"},{"amount":"11","charge":"1000","slot":"124","id":"313"},{"amount":"1","charge":"1000","slot":"125","id":"1523"},{"amount":"1","charge":"1000","slot":"126","id":"28"},{"amount":"1","charge":"1000","slot":"127","id":"1909"},{"amount":"1","charge":"1000","slot":"128","id":"3711"},{"amount":"1","charge":"1000","slot":"129","id":"1913"},{"amount":"1","charge":"1000","slot":"130","id":"2888"},{"amount":"1","charge":"1000","slot":"131","id":"3377"},{"amount":"1","charge":"1000","slot":"132","id":"6664"},{"amount":"1","charge":"1000","slot":"133","id":"38"},{"amount":"1","charge":"1000","slot":"134","id":"9442"},{"amount":"2","charge":"1000","slot":"135","id":"9011"},{"amount":"1","charge":"1000","slot":"136","id":"596"},{"amount":"3","charge":"1000","slot":"137","id":"1059"},{"amount":"1","charge":"1000","slot":"138","id":"1761"},{"amount":"4","charge":"1000","slot":"139","id":"1957"},{"amount":"1","charge":"1000","slot":"140","id":"1905"},{"amount":"2","charge":"1000","slot":"141","id":"1907"},{"amount":"1","charge":"1000","slot":"142","id":"2963"},{"amount":"1","charge":"1000","slot":"143","id":"1765"},{"amount":"1","charge":"1000","slot":"144","id":"301"},{"amount":"22","charge":"1000","slot":"145","id":"10326"},{"amount":"1","charge":"1000","slot":"146","id":"1737"},{"amount":"10","charge":"1003","slot":"147","id":"1734"},{"amount":"1","charge":"1000","slot":"148","id":"1714"},{"amount":"1","charge":"1000","slot":"149","id":"1005"},{"amount":"1","charge":"1000","slot":"150","id":"841"},{"amount":"1","charge":"1000","slot":"151","id":"853"},{"amount":"1","charge":"1000","slot":"152","id":"857"},{"amount":"1","charge":"1000","slot":"153","id":"849"},{"amount":"275","charge":"1000","slot":"154","id":"9142"},{"amount":"37","charge":"1000","slot":"155","id":"882"},{"amount":"61","charge":"1000","slot":"156","id":"1095"},{"amount":"2","charge":"1000","slot":"157","id":"9342"},{"amount":"70","charge":"1000","slot":"158","id":"811"},{"amount":"55","charge":"1000","slot":"159","id":"864"},{"amount":"17","charge":"1000","slot":"160","id":"877"},{"amount":"1","charge":"1000","slot":"161","id":"10386"},{"amount":"1","charge":"1000","slot":"162","id":"10374"},{"amount":"1","charge":"1000","slot":"163","id":"843"},{"amount":"1","charge":"1000","slot":"164","id":"1167"},{"amount":"20","charge":"1000","slot":"165","id":"299"},{"amount":"66","charge":"1000","slot":"166","id":"205"},{"amount":"105","charge":"1000","slot":"167","id":"201"},{"amount":"138","charge":"1000","slot":"168","id":"199"},{"amount":"25","charge":"1000","slot":"169","id":"215"},{"amount":"90","charge":"1000","slot":"170","id":"207"},{"amount":"9","charge":"1000","slot":"171","id":"249"},{"amount":"12","charge":"1000","slot":"172","id":"217"},{"amount":"6","charge":"1000","slot":"173","id":"251"},{"amount":"23","charge":"1000","slot":"174","id":"213"},{"amount":"17","charge":"1000","slot":"175","id":"231"},{"amount":"78","charge":"1000","slot":"176","id":"203"},{"amount":"18","charge":"1000","slot":"177","id":"2485"},{"amount":"40","charge":"1000","slot":"178","id":"211"},{"amount":"41","charge":"1000","slot":"179","id":"209"},{"amount":"1","charge":"1000","slot":"180","id":"1573"},{"amount":"3","charge":"1000","slot":"181","id":"253"},{"amount":"2","charge":"1000","slot":"182","id":"257"},{"amount":"3","charge":"1000","slot":"183","id":"255"},{"amount":"2","charge":"1000","slot":"184","id":"3049"},{"amount":"1","charge":"1000","slot":"185","id":"3051"},{"amount":"12","charge":"1000","slot":"186","id":"5318"},{"amount":"1","charge":"1000","slot":"187","id":"5307"},{"amount":"11","charge":"1000","slot":"188","id":"1941"},{"amount":"2","charge":"1000","slot":"189","id":"1939"},{"amount":"6","charge":"1000","slot":"190","id":"5321"},{"amount":"3","charge":"1000","slot":"191","id":"5308"},{"amount":"2","charge":"1000","slot":"192","id":"5097"},{"amount":"2","charge":"1000","slot":"193","id":"5293"},{"amount":"1","charge":"1000","slot":"194","id":"5103"},{"amount":"2","charge":"1000","slot":"195","id":"5096"},{"amount":"2","charge":"1000","slot":"196","id":"5322"},{"amount":"2","charge":"1000","slot":"197","id":"5306"},{"amount":"2","charge":"1000","slot":"198","id":"6016"},{"amount":"3","charge":"1000","slot":"199","id":"5319"},{"amount":"2","charge":"1000","slot":"200","id":"5104"},{"amount":"1","charge":"1000","slot":"201","id":"5285"},{"amount":"1","charge":"1000","slot":"202","id":"5100"},{"amount":"1","charge":"1000","slot":"203","id":"5297"},{"amount":"1","charge":"1000","slot":"204","id":"5286"},{"amount":"3","charge":"1000","slot":"205","id":"5323"},{"amount":"1","charge":"1000","slot":"206","id":"5287"},{"amount":"4","charge":"1000","slot":"207","id":"5102"},{"amount":"2","charge":"1000","slot":"208","id":"5294"},{"amount":"2","charge":"1000","slot":"209","id":"5300"},{"amount":"2","charge":"1000","slot":"210","id":"5320"},{"amount":"1","charge":"1000","slot":"211","id":"225"},{"amount":"3","charge":"1000","slot":"212","id":"5292"},{"amount":"1","charge":"1000","slot":"213","id":"6291"},{"amount":"5","charge":"1000","slot":"214","id":"5101"},{"amount":"4","charge":"1000","slot":"215","id":"5305"},{"amount":"3","charge":"1000","slot":"216","id":"5098"},{"amount":"1","charge":"1000","slot":"217","id":"5282"},{"amount":"1","charge":"1000","slot":"218","id":"5106"},{"amount":"2","charge":"1000","slot":"219","id":"5280"},{"amount":"2","charge":"1000","slot":"220","id":"5105"},{"amount":"1","charge":"1000","slot":"221","id":"5309"},{"amount":"1","charge":"1000","slot":"222","id":"5099"},{"amount":"1","charge":"1000","slot":"223","id":"5324"},{"amount":"113","charge":"1000","slot":"224","id":"227"},{"amount":"5","charge":"1000","slot":"225","id":"5291"},{"amount":"11","charge":"1000","slot":"226","id":"2552"},{"amount":"2","charge":"1000","slot":"227","id":"3867"},{"amount":"1","charge":"1000","slot":"228","id":"3865"},{"amount":"2","charge":"1000","slot":"229","id":"589"},{"amount":"1","charge":"1000","slot":"230","id":"295"},{"amount":"1","charge":"1000","slot":"231","id":"14651"},{"amount":"1","charge":"1000","slot":"232","id":"2028"},{"amount":"1","charge":"1000","slot":"233","id":"1847"},{"amount":"1","charge":"1000","slot":"234","id":"2411"},{"amount":"1","charge":"1000","slot":"235","id":"788"},{"amount":"1","charge":"1000","slot":"236","id":"2409"},{"amount":"1","charge":"1000","slot":"237","id":"993"},{"amount":"1","charge":"1000","slot":"238","id":"1507"},{"amount":"1","charge":"1000","slot":"239","id":"2887"},{"amount":"1","charge":"1000","slot":"240","id":"8923"},{"amount":"1","charge":"1000","slot":"241","id":"294"},{"amount":"184","charge":"1000","slot":"242","id":"1961"},{"amount":"3","charge":"1000","slot":"243","id":"4155"},{"amount":"1","charge":"1000","slot":"244","id":"1478"},{"amount":"1","charge":"1000","slot":"245","id":"3830"},{"amount":"1","charge":"1000","slot":"246","id":"552"},{"amount":"1","charge":"1000","slot":"247","id":"2570"},{"amount":"1","charge":"1000","slot":"248","id":"1731"},{"amount":"3","charge":"1000","slot":"249","id":"1833"},{"amount":"1","charge":"1000","slot":"250","id":"4308"},{"amount":"3","charge":"1000","slot":"251","id":"1835"},{"amount":"1","charge":"1000","slot":"252","id":"4304"},{"amount":"1","charge":"1000","slot":"253","id":"6185"},{"amount":"3","charge":"1000","slot":"254","id":"3105"},{"amount":"1","charge":"1000","slot":"255","id":"1061"},{"amount":"1","charge":"1000","slot":"256","id":"6654"},{"amount":"1","charge":"1000","slot":"257","id":"6655"},{"amount":"1","charge":"1000","slot":"258","id":"644"},{"amount":"1","charge":"1000","slot":"259","id":"650"},{"amount":"1","charge":"1000","slot":"260","id":"638"},{"amount":"1","charge":"1000","slot":"261","id":"642"},{"amount":"1","charge":"1000","slot":"262","id":"652"},{"amount":"1","charge":"1000","slot":"263","id":"658"},{"amount":"1","charge":"1000","slot":"264","id":"660"},{"amount":"1","charge":"1000","slot":"265","id":"662"},{"amount":"1","charge":"1000","slot":"266","id":"664"},{"amount":"1","charge":"1000","slot":"267","id":"634"},{"amount":"1","charge":"1000","slot":"268","id":"632"},{"amount":"1","charge":"1000","slot":"269","id":"630"},{"amount":"1","charge":"1000","slot":"270","id":"628"},{"amount":"1","charge":"1000","slot":"271","id":"626"},{"amount":"2","charge":"1000","slot":"272","id":"740"},{"amount":"1","charge":"1000","slot":"273","id":"656"},{"amount":"1","charge":"1000","slot":"274","id":"428"},{"amount":"1","charge":"1000","slot":"275","id":"540"},{"amount":"1","charge":"1000","slot":"276","id":"538"},{"amount":"1","charge":"1000","slot":"277","id":"1019"},{"amount":"1","charge":"1000","slot":"278","id":"6188"},{"amount":"1","charge":"1000","slot":"279","id":"6184"},{"amount":"1","charge":"1000","slot":"280","id":"646"},{"amount":"1","charge":"1000","slot":"281","id":"6656"},{"amount":"1","charge":"1000","slot":"282","id":"1143"},{"amount":"1","charge":"1000","slot":"283","id":"648"},{"amount":"1","charge":"1000","slot":"284","id":"636"},{"amount":"1","charge":"1000","slot":"285","id":"10438"},{"amount":"1","charge":"1000","slot":"286","id":"13103"},{"amount":"1","charge":"1000","slot":"287","id":"1015"},{"amount":"1","charge":"1000","slot":"288","id":"1506"},{"amount":"1","charge":"1000","slot":"289","id":"4300"},{"amount":"1","charge":"1000","slot":"290","id":"4298"},{"amount":"1","charge":"1000","slot":"291","id":"4302"},{"amount":"1","charge":"1000","slot":"292","id":"5011"},{"amount":"1","charge":"1000","slot":"293","id":"6182"},{"amount":"194","charge":"1000","slot":"294","id":"377"},{"amount":"2","charge":"1000","slot":"295","id":"712"},{"amount":"2","charge":"1000","slot":"296","id":"1897"},{"amount":"14","charge":"1000","slot":"297","id":"335"},{"amount":"1","charge":"1000","slot":"298","id":"2134"},{"amount":"5","charge":"1000","slot":"299","id":"1965"},{"amount":"3","charge":"1000","slot":"300","id":"753"},{"amount":"4","charge":"1000","slot":"301","id":"319"},{"amount":"6","charge":"1000","slot":"302","id":"329"},{"amount":"13","charge":"1000","slot":"303","id":"333"},{"amount":"5","charge":"1000","slot":"304","id":"315"},{"amount":"6","charge":"1000","slot":"305","id":"321"},{"amount":"8","charge":"1000","slot":"306","id":"317"},{"amount":"6","charge":"1000","slot":"307","id":"331"},{"amount":"3","charge":"1000","slot":"308","id":"1963"},{"amount":"1","charge":"1000","slot":"309","id":"1973"},{"amount":"3","charge":"1000","slot":"310","id":"1985"},{"amount":"1","charge":"1000","slot":"311","id":"1987"},{"amount":"3","charge":"1000","slot":"312","id":"2323"},{"amount":"1","charge":"1000","slot":"313","id":"2011"},{"amount":"1","charge":"1000","slot":"314","id":"2003"},{"amount":"1","charge":"1000","slot":"315","id":"1955"},{"amount":"4","charge":"1000","slot":"316","id":"1971"},{"amount":"3","charge":"1000","slot":"317","id":"345"},{"amount":"3","charge":"1000","slot":"318","id":"385"},{"amount":"1","charge":"1000","slot":"319","id":"1982"},{"amount":"7","charge":"1000","slot":"320","id":"2327"},{"amount":"2","charge":"1000","slot":"321","id":"365"},{"amount":"1","charge":"1000","slot":"322","id":"361"},{"amount":"5","charge":"1000","slot":"323","id":"371"},{"amount":"23","charge":"1000","slot":"324","id":"2138"},{"amount":"96","charge":"1000","slot":"325","id":"379"},{"amount":"1","charge":"1000","slot":"326","id":"349"},{"amount":"1","charge":"1000","slot":"327","id":"9674"},{"amount":"1","charge":"1000","slot":"328","id":"7462"},{"amount":"1","charge":"1000","slot":"329","id":"2952"},{"amount":"1","charge":"1000","slot":"330","id":"9704"},{"amount":"1","charge":"1000","slot":"331","id":"35"},{"amount":"1","charge":"1000","slot":"332","id":"9703"},{"amount":"1","charge":"1000","slot":"333","id":"1317"},{"amount":"251455","charge":"1000","slot":"334","id":"995"},{"amount":"3","charge":"1000","slot":"335","id":"12163"},{"amount":"8","charge":"1000","slot":"336","id":"12159"},{"amount":"3","charge":"1000","slot":"337","id":"12160"},{"amount":"292","charge":"1000","slot":"338","id":"12158"},{"amount":"5","charge":"1000","slot":"339","id":"6183"},{"amount":"3","charge":"1000","slot":"340","id":"1854"},{"amount":"4","charge":"1000","slot":"341","id":"1171"},{"amount":"5","charge":"1000","slot":"342","id":"426"},{"amount":"19","charge":"1000","slot":"343","id":"772"},{"amount":"1","charge":"1000","slot":"344","id":"455"},{"amount":"9","charge":"1000","slot":"345","id":"12425"},{"amount":"1","charge":"1000","slot":"346","id":"5520"},{"amount":"2","charge":"1000","slot":"347","id":"1355"},{"amount":"1","charge":"1000","slot":"348","id":"1542"},{"amount":"4","charge":"1000","slot":"349","id":"1007"},{"amount":"1","charge":"1000","slot":"350","id":"654"},{"amount":"5","charge":"1000","slot":"351","id":"1011"},{"amount":"1","charge":"1000","slot":"352","id":"640"},{"amount":"1","charge":"1000","slot":"353","id":"9054"},{"amount":"1","charge":"1000","slot":"354","id":"2694"},{"amount":"1","charge":"1000","slot":"355","id":"2735"},{"amount":"1","charge":"1000","slot":"356","id":"5009"},{"amount":"1","charge":"1000","slot":"357","id":"5008"},{"amount":"1","charge":"1000","slot":"358","id":"5014"},{"amount":"1","charge":"1000","slot":"359","id":"11001"},{"amount":"1","charge":"1000","slot":"360","id":"5012"},{"amount":"2","charge":"1000","slot":"361","id":"8880"},{"amount":"1","charge":"1000","slot":"362","id":"1169"},{"amount":"1","charge":"1000","slot":"363","id":"1097"},{"amount":"1","charge":"1000","slot":"364","id":"1540"},{"amount":"1","charge":"1000","slot":"365","id":"9749"},{"amount":"1","charge":"1000","slot":"366","id":"1101"},{"amount":"2715","charge":"1000","slot":"367","id":"8882"},{"amount":"1","charge":"1000","slot":"368","id":"1917"},{"amount":"1","charge":"1000","slot":"369","id":"12929"},{"amount":"1","charge":"1000","slot":"370","id":"1757"},{"amount":"2","charge":"1000","slot":"371","id":"542"},{"amount":"2","charge":"1000","slot":"372","id":"544"},{"amount":"1","charge":"1000","slot":"373","id":"1359"},{"amount":"1","charge":"1000","slot":"374","id":"1357"},{"amount":"1","charge":"1000","slot":"375","id":"11323"},{"amount":"10","charge":"1000","slot":"376","id":"11330"},{"amount":"10","charge":"1000","slot":"377","id":"11328"},{"amount":"4","charge":"1000","slot":"378","id":"11332"},{"amount":"3","charge":"1000","slot":"379","id":"1831"},{"amount":"1","charge":"1000","slot":"380","id":"13562"},{"amount":"1","charge":"1000","slot":"381","id":"2562"},{"amount":"1","charge":"1000","slot":"382","id":"1305"},{"amount":"1","charge":"1000","slot":"383","id":"9748"}],"blastBars":[],"location":"3094,3491,0","bankSecondary":[],"varp":[{"index":"531","value":"180"},{"index":"640","value":"3"},{"index":"667","value":"38"},{"index":"417","value":"33554432"},{"index":"1203","value":"536870912"},{"index":"728","value":"31"},{"index":"492","value":"4"}]},"pouches":[{"container":[],"charges":"3","id":"5509","currentCap":"3"},{"container":[],"charges":"10","id":"5510","currentCap":"6"},{"container":[],"charges":"10","id":"5512","currentCap":"9"},{"container":[],"charges":"10","id":"5514","currentCap":"12"}],"achievementDiaries":[{"KARAMJA":{"completedLevels":[[true,false,true,false,false,false,true,false,false,false,false,false,false,false,false,false,false,false,false,false,false,false,false,false,false],[false,false,false,false,false,false,false,false,false,false,false,true,false,false,false,false,false,false,false,false,false,false,false,false,false],[false,false,false,false,false,false,false,false,false,false,false,false,false,false,false,false,false,false,false,false,false,false,false,false,false]],"rewardedLevels":[false,false,false],"startedLevels":[true,true,false]}},{"VARROCK":{"completedLevels":[[false,true,true,false,true,false,false,false,true,true,true,false,false,false,false,false,false,false,false,false,false,false,false,false,false],[false,true,false,false,false,true,false,false,true,false,false,false,false,true,true,false,false,false,false,false,false,false,false,false,false],[false,false,false,false,false,false,false,false,false,false,false,false,false,false,false,false,false,false,false,false,false,false,false,false,false]],"rewardedLevels":[false,false,false],"startedLevels":[true,true,false]}},{"LUMBRIDGE":{"completedLevels":[[true,true,true,true,true,true,true,true,true,true,true,true,true,true,true,true,true,true,true,true,true,true,true,false,false],[true,true,true,true,true,true,true,true,true,true,true,true,true,true,true,true,true,true,true,false,false,false,false,false,false],[true,true,true,true,true,true,true,true,true,true,true,true,false,false,false,false,false,false,false,false,false,false,false,false,false]],"rewardedLevels":[false,true,true],"startedLevels":[true,true,true]}},{"FALADOR":{"completedLevels":[[false,true,false,true,false,false,true,true,false,false,true,false,false,true,true,false,false,false,false,false,false,false,false,false,false],[false,false,false,true,false,false,true,false,false,false,false,false,false,false,false,false,false,false,false,false,false,false,false,false,false],[false,false,false,false,false,false,true,false,false,false,false,false,false,false,false,false,false,false,false,false,false,false,false,false,false]],"rewardedLevels":[false,false,false],"startedLevels":[true,true,true]}},{"FREMENNIK":{"completedLevels":[[false,true,true,false,true,false,false,false,false,false,false,false,false,false,false,false,false,false,false,false,false,false,false,false,false],[false,false,false,false,false,false,false,true,false,false,false,false,false,false,false,false,false,false,false,false,false,false,false,false,false],[false,false,false,false,false,false,false,false,false,false,false,false,false,false,false,false,false,false,false,false,false,false,false,false,false]],"rewardedLevels":[false,false,false],"startedLevels":[true,true,false]}},{"SEERS_VILLAGE":{"completedLevels":[[false,false,false,false,false,false,false,false,false,false,false,false,false,false,false,false,false,false,false,false,false,false,false,false,false],[false,false,false,false,false,true,false,false,true,false,false,false,false,false,false,false,false,false,false,false,false,false,false,false,false],[false,false,false,false,false,false,false,false,false,false,false,false,false,false,false,false,false,false,false,false,false,false,false,false,false]],"rewardedLevels":[false,false,false],"startedLevels":[false,true,false]}}],"totalEXP":"6.154932157305792E7","appearance":{"appearance_cache":[{"color":"0","look":"0"},{"color":"0","look":"10"},{"color":"0","look":"18"},{"color":"0","look":"26"},{"color":"7","look":"33"},{"color":"0","look":"36"},{"color":"0","look":"42"}],"gender":"0"},"milestone":{"skillMilestone":"3","combatMilestone":"9"},"bankPinManager":{"longRecovery":false},"attributes":[{"type":"int","value":"0","key":"the-golem:statuette-rotation:0"},{"type":"int","value":"1","key":"the-golem:statuette-rotation:1"},{"type":"int","value":"1","key":"the-golem:statuette-rotation:2"},{"type":"int","value":"1","key":"the-golem:statuette-rotation:3"},{"type":"bool","value":true,"key":"the-golem:statuette-rotation:initialized"},{"type":"long","value":"2438881","key":"last-wealth"},{"type":"long","value":"1717918650353","key":"last-wealth-check"},{"type":"int","value":"1","key":"jobs:id"},{"type":"int","value":"0","key":"jobs:type"},{"type":"int","value":"24","key":"jobs:amount"},{"type":"int","value":"24","key":"jobs:original_amount"},{"type":"int","value":"71","key":"tutorial:stage"},{"type":"bool","value":true,"key":"tutorial:complete"},{"type":"bool","value":false,"key":"strong-hold:door"},{"type":"int","value":"95458","key":"stats_manager:enemies_killed"},{"type":"int","value":"1589","key":"stats_manager:logs_chopped"},{"type":"int","value":"270","key":"stats_manager:alkharid_gate"},{"type":"int","value":"690","key":"stats_manager:fish_caught"},{"type":"int","value":"2","key":"phns:points"},{"type":"bool","value":false,"key":"grandtree:opt1"},{"type":"bool","value":false,"key":"grandtree:opt2"},{"type":"bool","value":false,"key":"grandtree:opt3"},{"type":"int","value":"2","key":"treegnome:rock"},{"type":"int","value":"639","key":"stats_manager:rocks_mined"},{"type":"int","value":"0","key":"shooting-star:bonus-xp"},{"type":"int","value":"241","key":"easter2024:eggs"},{"type":"int","value":"0","key":"deathplateau:haroldMoney"},{"type":"bool","value":true,"key":"readWitchsBook"},{"type":"int","value":"900","key":"witchs_house:experiment_id"},{"type":"bool","value":true,"key":"ns:grotto_searched"},{"type":"bool","value":true,"key":"ns:mirror_taken"},{"type":"int","value":"3","key":"ns:ghasts_killed"},{"type":"bool","value":true,"key":"evil_twin:visited"},{"type":"int","value":"6","key":"stats_manager:deaths"},{"type":"int","value":"0","key":"gnome_cooking:gnome-cooking:tutorial:stage"},{"type":"int","value":"3189","key":"vinesweeper:return-tele:x"},{"type":"int","value":"3237","key":"vinesweeper:return-tele:y"},{"type":"int","value":"0","key":"vinesweeper:stored-flags"},{"type":"int","value":"0","key":"vinesweeper:points"},{"type":"bool","value":true,"key":"ew1:bellows_fixed"},{"type":"bool","value":true,"key":"diary:varrock:spun-bowl"},{"type":"int","value":"8","key":"gravetype"},{"type":"int","value":"0","key":"milling:hopper"},{"type":"int","value":"0","key":"milling:grain"},{"type":"int","value":"185","key":"stats_manager:essence_crafted"},{"type":"int","value":"278","key":"tlt-witness"},{"type":"bool","value":true,"key":"tlt-hole-cleared"},{"type":"bool","value":true,"key":"tlt-goblin-emotes"},{"type":"bool","value":true,"key":"mistag-greeted"},{"type":"bool","value":true,"key":"barbtraining:start"},{"type":"bool","value":true,"key":"barbtraining:fishing"},{"type":"bool","value":true,"key":"evil_twin:npc-interact"},{"type":"bool","value":true,"key":"evil_twin:door-interact"}],"treasureTrails":{"completedClues":["2","1","1"]},"houseData":{"rooms":[{"rotation":"0","x":"4","y":"3","z":"0","hotspots":[{"decorationIndex":"0","hotspotIndex":"0"}],"properties":"1"}],"location":"1","style":"0"},"statistics":[]}