{"familiarManager":{"petDetails":[{"petId":"101974016","growth":"2.7006172839506135","hunger":"4.374999999999995"}]},"ge-history":[{"completedAmount":"11","itemId":"563","isSell":false,"totalCoinExchange":"4598"},{"completedAmount":"1","itemId":"987","isSell":false,"totalCoinExchange":"23210"}],"barCrawl":{"started":true,"bars":[true,false,false,false,false,true,false,false,true,false]},"exp_multiplier":"5.0","unlockedMusic":["177","8","141","50","348","36","178","487","123","334","186","337","24","338","27","180","343","2","324","152","351","99","64","104","325","63","181","169","174","56","327","69","148","377","138","106","41","153","496","118","72","383","167","119","387","163","98","159","125","22","33","116","402","76","55","18","6","418","115","191","60","66","447","113","74","467","488","161","12","20","13","185","184","409","328","157","193","502","107","475","476","21","10","155","62","127","7","93","329","89","501","91","505","57","5","144","332","35","52","175","529","77","333","108","151","111","140","133","109","454","192","537","558","179","3","70","85","32","49","82","81","15","603","612","614","54","145","166","105","87","46","164","200","88","48","84","61","154","156","149","187","9","97","241","245","246","257","261","267","273","320"],"states":[],"skills":[{"static":"61","dynamic":"61","id":"0","experience":"325370.0"},{"static":"77","dynamic":"77","id":"1","experience":"1593680.0"},{"static":"93","dynamic":"93","id":"2","experience":"7718490.0"},{"static":"84","dynamic":"84","id":"3","experience":"3124636.099999804"},{"static":"31","dynamic":"31","id":"4","experience":"16200.0"},{"static":"43","dynamic":"43","id":"5","experience":"54435.0"},{"static":"48","dynamic":"48","id":"6","experience":"84080.05"},{"static":"48","dynamic":"48","id":"7","experience":"85775.0"},{"static":"48","dynamic":"48","id":"8","experience":"91097.0"},{"static":"1","dynamic":"1","id":"9","experience":"0.0"},{"static":"45","dynamic":"45","id":"10","experience":"62050.0"},{"static":"23","dynamic":"23","id":"11","experience":"6700.0"},{"static":"45","dynamic":"45","id":"12","experience":"63265.0"},{"static":"49","dynamic":"49","id":"13","experience":"95876.5"},{"static":"88","dynamic":"88","id":"14","experience":"4389197.5"},{"static":"10","dynamic":"10","id":"15","experience":"1269.0"},{"static":"50","dynamic":"50","id":"16","experience":"102115.5"},{"static":"71","dynamic":"71","id":"17","experience":"831860.0"},{"static":"1","dynamic":"1","id":"18","experience":"0.0"},{"static":"11","dynamic":"11","id":"19","experience":"1376.9230769230771"},{"static":"1","dynamic":"1","id":"20","experience":"0.0"},{"static":"22","dynamic":"22","id":"21","experience":"5850.0"},{"static":"1","dynamic":"1","id":"22","experience":"0.0"},{"static":"1","dynamic":"1","id":"23","experience":"0.0"}],"spellbook":"192","activityData":{"elnockSupplies":false,"lostCannon":false,"barrowBrothers":[false,false,false,false,false,false],"barrowTunnelIndex":"0","bountyRogueRate":"0","borkKills":"0","solvedMazes":"0","bountyHunterRate":"0","pizazzPoints":["0","0","0","0"],"startedMta":false,"hardcoreDeath":false,"pestPoints":"0","kolodionBoss":"0","warriorGuildTokens":"0","kolodionStage":"0","godCasts":["0","0","0"],"barrowKills":"0","fogRating":"0","bonesToPeaches":false,"lastBorkBattle":"0","topGrabbed":false},"emoteData":["0","1","2","3","4","5","6","7","8","9","10","11","12","13","14","15","16","17","18","19","20","21","37","40","30","36"],"questData":{"dragonSlayerPlanks":"0","talkedDrezel":true,"desertTreasureNode":[{"amount":"12","id":"1513"},{"amount":"10","id":"592"},{"amount":"6","id":"1775"},{"amount":"6","id":"2353"},{"amount":"2","id":"526"},{"amount":"2","id":"973"},{"amount":"1","id":"565"}],"cooksAssistant":[false,false,false,false],"witchsExperimentKilled":false,"draynorLever":[true,true,true,true,true,true],"dragonSlayer":[false,false,false,false,false,false,false,false,false],"witchsExperimentStage":"0","demonSlayer":[false,false],"gardenerAttack":false},"settings":{"attackStyle":"1","splitPrivate":false,"disableChatEffects":false,"clanChatSetting":"0","runToggled":true,"assistSetting":"0","acceptAid":false,"soundEffectVolume":"0","areaSoundVolume":"0","brightness":"2","publicChatSetting":"0","singleMouse":false,"specialEnergy":"100","tradeSetting":"0","retaliation":true,"privateChatSetting":"0","musicVolume":"0","runEnergy":"95.8046400000005"},"slayer":{"taskStreak":"0","rewardFlags":0,"equipmentFlags":0,"taskFlags":342819,"totalTasks":"0"},"quests":{"questStages":[{"questId":"128","questStage":"100"},{"questId":"136","questStage":"0"},{"questId":"14","questStage":"0"},{"questId":"15","questStage":"100"},{"questId":"16","questStage":"0"},{"questId":"17","questStage":"10"},{"questId":"18","questStage":"10"},{"questId":"146","questStage":"0"},{"questId":"19","questStage":"0"},{"questId":"20","questStage":"0"},{"questId":"21","questStage":"100"},{"questId":"22","questStage":"100"},{"questId":"23","questStage":"0"},{"questId":"24","questStage":"0"},{"questId":"25","questStage":"100"},{"questId":"26","questStage":"0"},{"questId":"27","questStage":"100"},{"questId":"28","questStage":"100"},{"questId":"157","questStage":"0"},{"questId":"29","questStage":"0"},{"questId":"30","questStage":"100"},{"questId":"31","questStage":"0"},{"questId":"33","questStage":"0"},{"questId":"35","questStage":"0"},{"questId":"36","questStage":"0"},{"questId":"38","questStage":"0"},{"questId":"40","questStage":"0"},{"questId":"41","questStage":"0"},{"questId":"44","questStage":"100"},{"questId":"47","questStage":"0"},{"questId":"48","questStage":"100"},{"questId":"49","questStage":"0"},{"questId":"52","questStage":"100"},{"questId":"55","questStage":"0"},{"questId":"59","questStage":"0"},{"questId":"61","questStage":"100"},{"questId":"62","questStage":"0"},{"questId":"64","questStage":"0"},{"questId":"65","questStage":"100"},{"questId":"67","questStage":"100"},{"questId":"68","questStage":"0"},{"questId":"70","questStage":"0"},{"questId":"71","questStage":"100"},{"questId":"74","questStage":"0"},{"questId":"76","questStage":"0"},{"questId":"77","questStage":"0"},{"questId":"81","questStage":"0"},{"questId":"83","questStage":"100"},{"questId":"84","questStage":"0"},{"questId":"86","questStage":"0"},{"questId":"87","questStage":"100"},{"questId":"89","questStage":"0"},{"questId":"95","questStage":"100"},{"questId":"98","questStage":"7"},{"questId":"99","questStage":"100"},{"questId":"100","questStage":"0"},{"questId":"103","questStage":"0"},{"questId":"105","questStage":"0"},{"questId":"108","questStage":"0"},{"questId":"109","questStage":"0"},{"questId":"113","questStage":"0"},{"questId":"121","questStage":"0"},{"questId":"123","questStage":"0"},{"questId":"124","questStage":"100"},{"questId":"125","questStage":"100"},{"questId":"126","questStage":"0"}],"points":"43"},"globalData":{"luthasTask":false,"doubleExpDelay":"0","macroDisabled":false,"abyssData":[false,false,false,false],"starSpriteDelay":"0","taskAmount":"0","wydinEmployee":false,"godPages":[false,false,false,false],"zafTime":"0","bossCounters":["0","0","0","0","0","0","0","0","0","0","0","0","0","0","0","0","0","0","0","0","0","0","0","0","0"],"strongHoldRewards":[true,false,false,false],"lowAlchemyCharges":"0","rcDecays":["0","0","0"],"apprentice":false,"zafAmount":"8","barrowsLoots":"0","taskPoints":"0","playerTestStage":"3","hunterCapeDelay":"0","globalTeleporterDelay":"0","recoilDamage":"40","lumbridgeRope":false,"hunterCapeCharges":"0","dropDelay":"0","geTutorial":false,"assistTime":"0","magicSkillCapeDelay":"0","lootSharePoints":"0","essenceTeleporter":"3021","readPlaques":[true,true,true,true,true,true,true],"chatPing":"0","overChargeDelay":"0","lowAlchemyDelay":"0","travelLogs":[false,false,false,false,false,false,false,false,false,false,false,false,false,false,false,false,false,false,false,false,false,false,false,false,false,false,false,false,false,false,false,false,false,false,false,false,false,false,false,false,false,false,false,false,false],"homeTeleportDelay":"0","karamjaBananas":"0","forgingUses":"0","joinedMonastery":false,"charmingDelay":"0","disableDeathScreen":false,"silkSteal":"0","draynorRecording":false,"assistExperience":["0.0","0.0","0.0","0.0","0.0","0.0","0.0","0.0","0.0"],"lootShareDelay":"1711711125419","godBooks":[false,false,false],"fritzGlass":true,"tutorialStage":"0","ectoCharges":"0","tutorClaim":"1712441938143","disableNews":false,"runReplenishDelay":"0","doubleExp":"0","runReplenishCharges":"0"},"core_data":{"blastCoal":[],"timers":{"antimacro":{"ticksRemaining":"6996"}},"useSecondaryBank":false,"equipment":[{"amount":"1","charge":"1000","slot":"0","id":"1137"},{"amount":"1","charge":"1000","slot":"1","id":"1007"},{"amount":"1","charge":"1000","slot":"2","id":"1731"},{"amount":"1","charge":"1000","slot":"3","id":"1305"},{"amount":"1","charge":"1000","slot":"4","id":"1113"},{"amount":"1","charge":"1000","slot":"5","id":"1185"},{"amount":"1","charge":"1000","slot":"7","id":"1093"}],"bankTabs":[{"startSlot":"0","index":"0"},{"startSlot":"0","index":"1"},{"startSlot":"23","index":"2"},{"startSlot":"116","index":"3"},{"startSlot":"129","index":"4"},{"startSlot":"174","index":"5"},{"startSlot":"193","index":"6"},{"startSlot":"227","index":"7"},{"startSlot":"255","index":"8"},{"startSlot":"255","index":"9"},{"startSlot":"255","index":"10"}],"inventory":[{"amount":"1","charge":"1000","slot":"0","id":"1353"},{"amount":"10","charge":"1000","slot":"1","id":"563"},{"amount":"3","charge":"1000","slot":"2","id":"561"},{"amount":"27","charge":"1000","slot":"3","id":"557"},{"amount":"1","charge":"1000","slot":"4","id":"215"},{"amount":"1","charge":"1000","slot":"5","id":"199"},{"amount":"1","charge":"1000","slot":"6","id":"217"},{"amount":"1","charge":"1000","slot":"7","id":"227"},{"amount":"1","charge":"1000","slot":"8","id":"199"},{"amount":"1","charge":"1000","slot":"9","id":"203"},{"amount":"9","charge":"1000","slot":"10","id":"9142"},{"amount":"9","charge":"1000","slot":"11","id":"559"},{"amount":"1","charge":"1000","slot":"12","id":"1594"},{"amount":"72","charge":"1000","slot":"13","id":"556"},{"amount":"1","charge":"1000","slot":"14","id":"199"},{"amount":"1","charge":"1000","slot":"15","id":"2485"},{"amount":"1","charge":"1000","slot":"16","id":"203"},{"amount":"1","charge":"1000","slot":"17","id":"201"},{"amount":"1","charge":"1000","slot":"18","id":"205"},{"amount":"1","charge":"1000","slot":"19","id":"199"},{"amount":"1","charge":"1000","slot":"20","id":"201"},{"amount":"8","charge":"1000","slot":"21","id":"995"},{"amount":"1","charge":"1000","slot":"22","id":"205"}],"blastOre":[],"bankTabsSecondary":[{"startSlot":"0","index":"0"},{"startSlot":"0","index":"1"},{"startSlot":"0","index":"2"},{"startSlot":"0","index":"3"},{"startSlot":"0","index":"4"},{"startSlot":"0","index":"5"},{"startSlot":"0","index":"6"},{"startSlot":"0","index":"7"},{"startSlot":"0","index":"8"},{"startSlot":"0","index":"9"},{"startSlot":"0","index":"10"}],"bank":[{"amount":"29","charge":"1000","slot":"0","id":"563"},{"amount":"429","charge":"1000","slot":"1","id":"557"},{"amount":"107","charge":"1000","slot":"2","id":"559"},{"amount":"181","charge":"1000","slot":"3","id":"554"},{"amount":"24","charge":"1000","slot":"4","id":"562"},{"amount":"57","charge":"1000","slot":"5","id":"7936"},{"amount":"1814","charge":"1000","slot":"6","id":"564"},{"amount":"624","charge":"1000","slot":"7","id":"9075"},{"amount":"276","charge":"1000","slot":"8","id":"555"},{"amount":"4","charge":"1000","slot":"9","id":"4699"},{"amount":"46","charge":"1000","slot":"10","id":"561"},{"amount":"132","charge":"1000","slot":"11","id":"558"},{"amount":"1052","charge":"1000","slot":"12","id":"556"},{"amount":"3","charge":"1000","slot":"13","id":"1454"},{"amount":"1","charge":"1000","slot":"14","id":"1442"},{"amount":"2","charge":"1000","slot":"15","id":"1438"},{"amount":"2","charge":"1000","slot":"16","id":"1440"},{"amount":"2","charge":"1000","slot":"17","id":"1448"},{"amount":"2","charge":"1000","slot":"18","id":"1385"},{"amount":"2","charge":"1000","slot":"19","id":"1381"},{"amount":"1","charge":"1000","slot":"20","id":"1391"},{"amount":"2","charge":"1000","slot":"21","id":"1387"},{"amount":"5","charge":"1000","slot":"22","id":"1383"},{"amount":"4","charge":"1000","slot":"23","id":"590"},{"amount":"324","charge":"1000","slot":"24","id":"1521"},{"amount":"36","charge":"1000","slot":"25","id":"1511"},{"amount":"6","charge":"1000","slot":"26","id":"2347"},{"amount":"2","charge":"1000","slot":"27","id":"307"},{"amount":"3","charge":"1000","slot":"28","id":"954"},{"amount":"3","charge":"1000","slot":"29","id":"1931"},{"amount":"1","charge":"1000","slot":"30","id":"1935"},{"amount":"6","charge":"1000","slot":"31","id":"6032"},{"amount":"2","charge":"1000","slot":"32","id":"1925"},{"amount":"8","charge":"1000","slot":"33","id":"438"},{"amount":"15","charge":"1000","slot":"34","id":"436"},{"amount":"217","charge":"1000","slot":"35","id":"444"},{"amount":"1","charge":"1000","slot":"36","id":"668"},{"amount":"3","charge":"1000","slot":"37","id":"442"},{"amount":"1","charge":"1000","slot":"38","id":"447"},{"amount":"2","charge":"1000","slot":"39","id":"453"},{"amount":"4","charge":"1000","slot":"40","id":"440"},{"amount":"10","charge":"1000","slot":"41","id":"449"},{"amount":"13","charge":"1000","slot":"42","id":"434"},{"amount":"4","charge":"1000","slot":"43","id":"2351"},{"amount":"2","charge":"1000","slot":"44","id":"2363"},{"amount":"25","charge":"1000","slot":"45","id":"2357"},{"amount":"2","charge":"1000","slot":"46","id":"2353"},{"amount":"2","charge":"1000","slot":"47","id":"2355"},{"amount":"7","charge":"1000","slot":"48","id":"5560"},{"amount":"12","charge":"1000","slot":"49","id":"313"},{"amount":"1","charge":"1000","slot":"50","id":"1944"},{"amount":"3","charge":"1000","slot":"51","id":"1929"},{"amount":"1","charge":"1000","slot":"52","id":"5075"},{"amount":"4","charge":"1000","slot":"53","id":"1627"},{"amount":"280","charge":"1000","slot":"54","id":"1623"},{"amount":"260","charge":"1000","slot":"55","id":"1621"},{"amount":"258","charge":"1000","slot":"56","id":"1619"},{"amount":"18","charge":"1000","slot":"57","id":"1617"},{"amount":"1","charge":"1000","slot":"58","id":"1631"},{"amount":"3379","charge":"1000","slot":"59","id":"314"},{"amount":"1","charge":"1000","slot":"60","id":"301"},{"amount":"2","charge":"1000","slot":"61","id":"1741"},{"amount":"18","charge":"1000","slot":"62","id":"1747"},{"amount":"1","charge":"1000","slot":"63","id":"1611"},{"amount":"1","charge":"1000","slot":"64","id":"1607"},{"amount":"2","charge":"1000","slot":"65","id":"1605"},{"amount":"3","charge":"1000","slot":"66","id":"1603"},{"amount":"6","charge":"1000","slot":"67","id":"1601"},{"amount":"6","charge":"1000","slot":"68","id":"1733"},{"amount":"98","charge":"1000","slot":"69","id":"11260"},{"amount":"3","charge":"1000","slot":"70","id":"1735"},{"amount":"1","charge":"1000","slot":"71","id":"1825"},{"amount":"4","charge":"1000","slot":"72","id":"960"},{"amount":"4","charge":"1000","slot":"73","id":"11065"},{"amount":"2","charge":"1000","slot":"74","id":"9434"},{"amount":"2","charge":"1000","slot":"75","id":"1597"},{"amount":"3","charge":"1000","slot":"76","id":"1599"},{"amount":"2","charge":"1000","slot":"77","id":"2976"},{"amount":"2","charge":"1000","slot":"78","id":"1595"},{"amount":"3","charge":"1000","slot":"79","id":"1594"},{"amount":"2","charge":"1000","slot":"80","id":"1949"},{"amount":"1","charge":"1000","slot":"81","id":"1271"},{"amount":"7","charge":"1000","slot":"82","id":"237"},{"amount":"4","charge":"1000","slot":"83","id":"948"},{"amount":"5","charge":"1000","slot":"84","id":"5523"},{"amount":"2","charge":"1000","slot":"85","id":"36"},{"amount":"3","charge":"1000","slot":"86","id":"970"},{"amount":"2","charge":"1000","slot":"87","id":"309"},{"amount":"2","charge":"1000","slot":"88","id":"10496"},{"amount":"5","charge":"1000","slot":"89","id":"526"},{"amount":"56","charge":"1000","slot":"90","id":"536"},{"amount":"334","charge":"1000","slot":"91","id":"10476"},{"amount":"1","charge":"1000","slot":"92","id":"288"},{"amount":"1","charge":"1000","slot":"93","id":"1005"},{"amount":"8","charge":"1000","slot":"94","id":"8778"},{"amount":"6","charge":"1000","slot":"95","id":"1351"},{"amount":"7","charge":"1000","slot":"96","id":"946"},{"amount":"5","charge":"1000","slot":"97","id":"1739"},{"amount":"2","charge":"1000","slot":"98","id":"592"},{"amount":"74","charge":"1002","slot":"99","id":"1734"},{"amount":"4","charge":"1000","slot":"100","id":"4527"},{"amount":"2","charge":"1000","slot":"101","id":"1592"},{"amount":"1","charge":"1000","slot":"102","id":"2963"},{"amount":"1","charge":"1000","slot":"103","id":"401"},{"amount":"300","charge":"1000","slot":"104","id":"4819"},{"amount":"3","charge":"1000","slot":"105","id":"952"},{"amount":"2","charge":"1000","slot":"106","id":"1923"},{"amount":"6","charge":"1000","slot":"107","id":"1759"},{"amount":"1","charge":"1000","slot":"108","id":"303"},{"amount":"5","charge":"1000","slot":"109","id":"1265"},{"amount":"4","charge":"1000","slot":"110","id":"1823"},{"amount":"1000","charge":"1000","slot":"111","id":"1734"},{"amount":"18","charge":"1000","slot":"112","id":"227"},{"amount":"1","charge":"1000","slot":"113","id":"3420"},{"amount":"9","charge":"1000","slot":"114","id":"1755"},{"amount":"6","charge":"1000","slot":"115","id":"5970"},{"amount":"1","charge":"1000","slot":"116","id":"1167"},{"amount":"1","charge":"1000","slot":"117","id":"841"},{"amount":"1","charge":"1000","slot":"118","id":"853"},{"amount":"1","charge":"1000","slot":"119","id":"857"},{"amount":"1","charge":"1000","slot":"120","id":"849"},{"amount":"55","charge":"1000","slot":"121","id":"9142"},{"amount":"30","charge":"1000","slot":"122","id":"882"},{"amount":"61","charge":"1000","slot":"123","id":"1095"},{"amount":"2","charge":"1000","slot":"124","id":"9342"},{"amount":"70","charge":"1000","slot":"125","id":"811"},{"amount":"1","charge":"1000","slot":"126","id":"1097"},{"amount":"55","charge":"1000","slot":"127","id":"864"},{"amount":"17","charge":"1000","slot":"128","id":"877"},{"amount":"30","charge":"1000","slot":"129","id":"299"},{"amount":"11","charge":"1000","slot":"130","id":"205"},{"amount":"18","charge":"1000","slot":"131","id":"201"},{"amount":"26","charge":"1000","slot":"132","id":"199"},{"amount":"5","charge":"1000","slot":"133","id":"215"},{"amount":"14","charge":"1000","slot":"134","id":"207"},{"amount":"1","charge":"1000","slot":"135","id":"6291"},{"amount":"4","charge":"1000","slot":"136","id":"217"},{"amount":"2","charge":"1000","slot":"137","id":"5300"},{"amount":"1","charge":"1000","slot":"138","id":"5297"},{"amount":"2","charge":"1000","slot":"139","id":"5096"},{"amount":"2","charge":"1000","slot":"140","id":"5322"},{"amount":"2","charge":"1000","slot":"141","id":"5306"},{"amount":"3","charge":"1000","slot":"142","id":"5319"},{"amount":"2","charge":"1000","slot":"143","id":"5104"},{"amount":"3","charge":"1000","slot":"144","id":"5323"},{"amount":"4","charge":"1000","slot":"145","id":"5101"},{"amount":"4","charge":"1000","slot":"146","id":"5305"},{"amount":"3","charge":"1000","slot":"147","id":"5292"},{"amount":"3","charge":"1000","slot":"148","id":"5098"},{"amount":"1","charge":"1000","slot":"149","id":"5320"},{"amount":"3","charge":"1000","slot":"150","id":"5102"},{"amount":"6","charge":"1000","slot":"151","id":"5321"},{"amount":"4","charge":"1000","slot":"152","id":"5318"},{"amount":"3","charge":"1000","slot":"153","id":"5291"},{"amount":"1","charge":"1000","slot":"154","id":"5307"},{"amount":"1","charge":"1000","slot":"155","id":"5308"},{"amount":"2","charge":"1000","slot":"156","id":"5097"},{"amount":"2","charge":"1000","slot":"157","id":"5293"},{"amount":"1","charge":"1000","slot":"158","id":"5103"},{"amount":"5","charge":"1000","slot":"159","id":"231"},{"amount":"17","charge":"1000","slot":"160","id":"203"},{"amount":"2","charge":"1000","slot":"161","id":"2485"},{"amount":"2","charge":"1000","slot":"162","id":"6016"},{"amount":"5","charge":"1000","slot":"163","id":"211"},{"amount":"4","charge":"1000","slot":"164","id":"209"},{"amount":"1","charge":"1000","slot":"165","id":"5285"},{"amount":"1","charge":"1000","slot":"166","id":"5100"},{"amount":"6","charge":"1000","slot":"167","id":"213"},{"amount":"1","charge":"1000","slot":"168","id":"5286"},{"amount":"1","charge":"1000","slot":"169","id":"1573"},{"amount":"1","charge":"1000","slot":"170","id":"5287"},{"amount":"10","charge":"1000","slot":"171","id":"1941"},{"amount":"1","charge":"1000","slot":"172","id":"5294"},{"amount":"1","charge":"1000","slot":"173","id":"251"},{"amount":"2","charge":"1000","slot":"174","id":"2554"},{"amount":"1","charge":"1000","slot":"175","id":"1478"},{"amount":"1","charge":"1000","slot":"176","id":"295"},{"amount":"1","charge":"1000","slot":"177","id":"993"},{"amount":"2","charge":"1000","slot":"178","id":"589"},{"amount":"1","charge":"1000","slot":"179","id":"2409"},{"amount":"1","charge":"1000","slot":"180","id":"294"},{"amount":"184","charge":"1000","slot":"181","id":"1961"},{"amount":"1","charge":"1000","slot":"182","id":"14651"},{"amount":"1","charge":"1000","slot":"183","id":"2028"},{"amount":"1","charge":"1000","slot":"184","id":"1847"},{"amount":"1","charge":"1000","slot":"185","id":"2411"},{"amount":"1","charge":"1000","slot":"186","id":"788"},{"amount":"2","charge":"1000","slot":"187","id":"3853"},{"amount":"1","charge":"1000","slot":"188","id":"552"},{"amount":"3","charge":"1000","slot":"189","id":"4155"},{"amount":"1","charge":"1000","slot":"190","id":"1731"},{"amount":"1","charge":"1000","slot":"191","id":"3861"},{"amount":"3","charge":"1000","slot":"192","id":"2568"},{"amount":"3","charge":"1000","slot":"193","id":"1833"},{"amount":"1","charge":"1000","slot":"194","id":"4308"},{"amount":"1","charge":"1000","slot":"195","id":"6656"},{"amount":"3","charge":"1000","slot":"196","id":"1835"},{"amount":"1","charge":"1000","slot":"197","id":"4304"},{"amount":"1","charge":"1000","slot":"198","id":"6185"},{"amount":"3","charge":"1000","slot":"199","id":"3105"},{"amount":"1","charge":"1000","slot":"200","id":"1061"},{"amount":"1","charge":"1000","slot":"201","id":"6654"},{"amount":"1","charge":"1000","slot":"202","id":"6655"},{"amount":"1","charge":"1000","slot":"203","id":"6184"},{"amount":"1","charge":"1000","slot":"204","id":"6188"},{"amount":"1","charge":"1000","slot":"205","id":"646"},{"amount":"1","charge":"1000","slot":"206","id":"636"},{"amount":"1","charge":"1000","slot":"207","id":"644"},{"amount":"1","charge":"1000","slot":"208","id":"650"},{"amount":"1","charge":"1000","slot":"209","id":"638"},{"amount":"1","charge":"1000","slot":"210","id":"642"},{"amount":"1","charge":"1000","slot":"211","id":"652"},{"amount":"1","charge":"1000","slot":"212","id":"656"},{"amount":"1","charge":"1000","slot":"213","id":"658"},{"amount":"1","charge":"1000","slot":"214","id":"660"},{"amount":"1","charge":"1000","slot":"215","id":"662"},{"amount":"1","charge":"1000","slot":"216","id":"664"},{"amount":"1","charge":"1000","slot":"217","id":"634"},{"amount":"1","charge":"1000","slot":"218","id":"632"},{"amount":"1","charge":"1000","slot":"219","id":"630"},{"amount":"1","charge":"1000","slot":"220","id":"628"},{"amount":"1","charge":"1000","slot":"221","id":"626"},{"amount":"1","charge":"1000","slot":"222","id":"648"},{"amount":"2","charge":"1000","slot":"223","id":"740"},{"amount":"6","charge":"1000","slot":"224","id":"1011"},{"amount":"6","charge":"1000","slot":"225","id":"426"},{"amount":"1","charge":"1000","slot":"226","id":"1015"},{"amount":"2","charge":"1000","slot":"227","id":"365"},{"amount":"2","charge":"1000","slot":"228","id":"712"},{"amount":"2","charge":"1000","slot":"229","id":"1897"},{"amount":"14","charge":"1000","slot":"230","id":"335"},{"amount":"1","charge":"1000","slot":"231","id":"2134"},{"amount":"6","charge":"1000","slot":"232","id":"1965"},{"amount":"1","charge":"1000","slot":"233","id":"2132"},{"amount":"1","charge":"1000","slot":"234","id":"753"},{"amount":"4","charge":"1000","slot":"235","id":"319"},{"amount":"6","charge":"1000","slot":"236","id":"329"},{"amount":"23","charge":"1000","slot":"237","id":"333"},{"amount":"5","charge":"1000","slot":"238","id":"315"},{"amount":"6","charge":"1000","slot":"239","id":"321"},{"amount":"8","charge":"1000","slot":"240","id":"317"},{"amount":"6","charge":"1000","slot":"241","id":"331"},{"amount":"2","charge":"1000","slot":"242","id":"1963"},{"amount":"1","charge":"1000","slot":"243","id":"1973"},{"amount":"3","charge":"1000","slot":"244","id":"1985"},{"amount":"1","charge":"1000","slot":"245","id":"1987"},{"amount":"3","charge":"1000","slot":"246","id":"2323"},{"amount":"1","charge":"1000","slot":"247","id":"2011"},{"amount":"1","charge":"1000","slot":"248","id":"2003"},{"amount":"1","charge":"1000","slot":"249","id":"1955"},{"amount":"1","charge":"1000","slot":"250","id":"1971"},{"amount":"3","charge":"1000","slot":"251","id":"345"},{"amount":"3","charge":"1000","slot":"252","id":"385"},{"amount":"1","charge":"1000","slot":"253","id":"1982"},{"amount":"6","charge":"1000","slot":"254","id":"2327"},{"amount":"344361","charge":"1000","slot":"255","id":"995"},{"amount":"4","charge":"1000","slot":"256","id":"6183"},{"amount":"1","charge":"1000","slot":"257","id":"12159"},{"amount":"1","charge":"1000","slot":"258","id":"12160"},{"amount":"6","charge":"1000","slot":"259","id":"12158"},{"amount":"7","charge":"1000","slot":"260","id":"1854"},{"amount":"1","charge":"1000","slot":"261","id":"12163"},{"amount":"5","charge":"1000","slot":"262","id":"1171"},{"amount":"3","charge":"1000","slot":"263","id":"1291"},{"amount":"1","charge":"0","slot":"264","id":"1556"},{"amount":"1","charge":"1000","slot":"265","id":"1119"},{"amount":"2","charge":"1000","slot":"266","id":"1059"},{"amount":"22","charge":"1000","slot":"267","id":"10326"},{"amount":"1","charge":"1000","slot":"268","id":"7462"},{"amount":"1","charge":"1000","slot":"269","id":"1071"},{"amount":"1","charge":"1000","slot":"270","id":"2952"},{"amount":"1","charge":"1000","slot":"271","id":"1189"},{"amount":"1","charge":"1000","slot":"272","id":"1173"},{"amount":"1","charge":"1000","slot":"273","id":"1287"},{"amount":"1","charge":"1000","slot":"274","id":"1139"},{"amount":"1","charge":"1000","slot":"275","id":"4097"},{"amount":"1","charge":"1000","slot":"276","id":"1317"},{"amount":"1","charge":"1000","slot":"277","id":"3830"},{"amount":"19","charge":"1000","slot":"278","id":"772"},{"amount":"3","charge":"1000","slot":"279","id":"1137"},{"amount":"1","charge":"1000","slot":"280","id":"1101"},{"amount":"1","charge":"1000","slot":"281","id":"1179"},{"amount":"1","charge":"1000","slot":"282","id":"1115"},{"amount":"1","charge":"1000","slot":"283","id":"1913"},{"amount":"1","charge":"1000","slot":"284","id":"3499"},{"amount":"1","charge":"1000","slot":"285","id":"843"},{"amount":"1","charge":"1000","slot":"286","id":"10386"},{"amount":"1","charge":"1000","slot":"287","id":"3377"},{"amount":"1","charge":"1000","slot":"288","id":"3711"},{"amount":"1","charge":"1000","slot":"289","id":"1909"},{"amount":"1","charge":"1000","slot":"290","id":"640"},{"amount":"1","charge":"1000","slot":"291","id":"654"},{"amount":"1","charge":"1000","slot":"292","id":"3472"},{"amount":"1","charge":"1000","slot":"293","id":"2819"},{"amount":"1","charge":"1000","slot":"294","id":"361"},{"amount":"5","charge":"1000","slot":"295","id":"371"},{"amount":"4","charge":"1000","slot":"296","id":"1783"},{"amount":"23","charge":"1000","slot":"297","id":"13727"},{"amount":"1","charge":"1000","slot":"298","id":"1757"},{"amount":"1","charge":"1000","slot":"299","id":"1275"},{"amount":"1","charge":"1000","slot":"300","id":"2887"},{"amount":"1","charge":"1000","slot":"301","id":"9723"},{"amount":"1","charge":"1000","slot":"302","id":"2888"},{"amount":"1","charge":"1000","slot":"303","id":"28"},{"amount":"1","charge":"1000","slot":"304","id":"9442"},{"amount":"1","charge":"1000","slot":"305","id":"38"},{"amount":"2","charge":"1000","slot":"306","id":"530"},{"amount":"1","charge":"1000","slot":"307","id":"2890"},{"amount":"1","charge":"1000","slot":"308","id":"975"},{"amount":"1","charge":"1000","slot":"309","id":"35"},{"amount":"2","charge":"1000","slot":"310","id":"1169"},{"amount":"2","charge":"1000","slot":"311","id":"560"},{"amount":"1","charge":"1000","slot":"312","id":"9715"},{"amount":"1","charge":"1000","slot":"313","id":"3867"},{"amount":"1","charge":"1000","slot":"314","id":"10374"},{"amount":"1","charge":"1000","slot":"315","id":"8923"},{"amount":"1","charge":"1000","slot":"316","id":"6664"},{"amount":"1","charge":"1000","slot":"317","id":"1289"},{"amount":"1","charge":"1000","slot":"318","id":"2587"},{"amount":"1","charge":"1000","slot":"319","id":"7454"},{"amount":"1","charge":"1000","slot":"320","id":"428"},{"amount":"1","charge":"1000","slot":"321","id":"3855"},{"amount":"1","charge":"1000","slot":"322","id":"455"},{"amount":"1","charge":"1000","slot":"323","id":"1506"},{"amount":"1","charge":"1000","slot":"324","id":"1504"},{"amount":"1","charge":"1000","slot":"325","id":"1510"},{"amount":"1","charge":"1000","slot":"326","id":"2735"}],"blastBars":[],"location":"3096,9867,0","bankSecondary":[],"varp":[{"index":"531","value":"180"},{"index":"640","value":"3"},{"index":"667","value":"32"},{"index":"417","value":"33554432"},{"index":"1203","value":"536870912"},{"index":"728","value":"31"}]},"pouches":[{"container":[],"charges":"10","id":"5509","currentCap":"3"},{"container":[],"charges":"10","id":"5510","currentCap":"6"},{"container":[],"charges":"10","id":"5512","currentCap":"9"},{"container":[],"charges":"10","id":"5514","currentCap":"12"}],"achievementDiaries":[{"KARAMJA":{"completedLevels":[[false,false,true,false,false,false,false,false,false,false,false,false,false,false,false,false,false,false,false,false,false,false,false,false,false],[false,false,false,false,false,false,false,false,false,false,false,false,false,false,false,false,false,false,false,false,false,false,false,false,false],[false,false,false,false,false,false,false,false,false,false,false,false,false,false,false,false,false,false,false,false,false,false,false,false,false]],"rewardedLevels":[false,false,false],"startedLevels":[true,false,false]}},{"VARROCK":{"completedLevels":[[false,true,false,false,true,false,false,false,true,false,true,false,false,false,false,false,false,false,false,false,false,false,false,false,false],[false,true,false,false,false,true,false,false,true,false,false,false,false,true,true,false,false,false,false,false,false,false,false,false,false],[false,false,false,false,false,false,false,false,false,false,false,false,false,false,false,false,false,false,false,false,false,false,false,false,false]],"rewardedLevels":[false,false,false],"startedLevels":[true,true,false]}},{"LUMBRIDGE":{"completedLevels":[[true,true,true,false,true,true,false,false,false,true,true,false,true,true,false,false,false,true,false,false,true,true,false,false,false],[false,true,true,false,false,false,true,false,false,false,false,false,false,false,true,true,false,false,false,false,false,false,false,false,false],[false,false,true,false,false,false,true,false,false,true,true,false,false,false,false,false,false,false,false,false,false,false,false,false,false]],"rewardedLevels":[false,false,false],"startedLevels":[true,true,true]}},{"FALADOR":{"completedLevels":[[false,false,false,false,false,false,false,false,false,false,true,false,false,true,true,false,false,false,false,false,false,false,false,false,false],[false,false,false,true,false,false,true,false,false,false,false,false,false,false,false,false,false,false,false,false,false,false,false,false,false],[false,false,false,false,false,false,true,false,false,false,false,false,false,false,false,false,false,false,false,false,false,false,false,false,false]],"rewardedLevels":[false,false,false],"startedLevels":[true,true,true]}},{"FREMENNIK":{"completedLevels":[[false,true,false,false,false,false,false,false,false,false,false,false,false,false,false,false,false,false,false,false,false,false,false,false,false],[false,false,false,false,false,false,false,false,false,false,false,false,false,false,false,false,false,false,false,false,false,false,false,false,false],[false,false,false,false,false,false,false,false,false,false,false,false,false,false,false,false,false,false,false,false,false,false,false,false,false]],"rewardedLevels":[false,false,false],"startedLevels":[true,false,false]}},{"SEERS_VILLAGE":{"completedLevels":[[false,false,false,false,false,false,false,false,false,false,false,false,false,false,false,false,false,false,false,false,false,false,false,false,false],[false,false,false,false,false,true,false,false,true,false,false,false,false,false,false,false,false,false,false,false,false,false,false,false,false],[false,false,false,false,false,false,false,false,false,false,false,false,false,false,false,false,false,false,false,false,false,false,false,false,false]],"rewardedLevels":[false,false,false],"startedLevels":[false,true,false]}}],"totalEXP":"1.865216957307713E7","appearance":{"appearance_cache":[{"color":"1","look":"253"},{"color":"0","look":"14"},{"color":"16","look":"18"},{"color":"0","look":"26"},{"color":"7","look":"33"},{"color":"16","look":"36"},{"color":"0","look":"42"}],"gender":"0"},"milestone":{"skillMilestone":"3","combatMilestone":"7"},"bankPinManager":{"longRecovery":false},"attributes":[{"type":"int","value":"0","key":"the-golem:statuette-rotation:0"},{"type":"int","value":"1","key":"the-golem:statuette-rotation:1"},{"type":"int","value":"1","key":"the-golem:statuette-rotation:2"},{"type":"int","value":"1","key":"the-golem:statuette-rotation:3"},{"type":"bool","value":true,"key":"the-golem:statuette-rotation:initialized"},{"type":"long","value":"1475562","key":"last-wealth"},{"type":"long","value":"1714561660351","key":"last-wealth-check"},{"type":"int","value":"1","key":"jobs:id"},{"type":"int","value":"0","key":"jobs:type"},{"type":"int","value":"26","key":"jobs:amount"},{"type":"int","value":"26","key":"jobs:original_amount"},{"type":"int","value":"71","key":"tutorial:stage"},{"type":"bool","value":true,"key":"tutorial:complete"},{"type":"bool","value":false,"key":"strong-hold:door"},{"type":"int","value":"23111","key":"stats_manager:enemies_killed"},{"type":"int","value":"490","key":"stats_manager:logs_chopped"},{"type":"int","value":"220","key":"stats_manager:alkharid_gate"},{"type":"int","value":"277","key":"stats_manager:fish_caught"},{"type":"int","value":"1","key":"phns:points"},{"type":"bool","value":false,"key":"grandtree:opt1"},{"type":"bool","value":false,"key":"grandtree:opt2"},{"type":"bool","value":false,"key":"grandtree:opt3"},{"type":"int","value":"2","key":"treegnome:rock"},{"type":"int","value":"218","key":"stats_manager:rocks_mined"},{"type":"int","value":"5533","key":"shooting-star:bonus-xp"},{"type":"int","value":"241","key":"easter2024:eggs"},{"type":"int","value":"0","key":"deathplateau:haroldMoney"},{"type":"bool","value":true,"key":"readWitchsBook"},{"type":"int","value":"900","key":"witchs_house:experiment_id"},{"type":"bool","value":true,"key":"ns:grotto_searched"},{"type":"bool","value":true,"key":"ns:mirror_taken"},{"type":"int","value":"3","key":"ns:ghasts_killed"},{"type":"bool","value":true,"key":"evil_twin:visited"},{"type":"int","value":"3","key":"stats_manager:deaths"},{"type":"int","value":"0","key":"gnome_cooking:gnome-cooking:tutorial:stage"},{"type":"int","value":"3189","key":"vinesweeper:return-tele:x"},{"type":"int","value":"3237","key":"vinesweeper:return-tele:y"},{"type":"int","value":"0","key":"vinesweeper:stored-flags"},{"type":"int","value":"0","key":"vinesweeper:points"},{"type":"bool","value":true,"key":"ew1:got_leather"},{"type":"bool","value":true,"key":"ew1:got_needle"},{"type":"bool","value":true,"key":"ew1:bellows_fixed"},{"type":"int","value":"3","key":"elena:bucket"},{"type":"bool","value":true,"key":"elena:dig"}],"treasureTrails":{"completedClues":["2","0","1"]},"houseData":{"rooms":[{"rotation":"0","x":"4","y":"3","z":"0","hotspots":[{"decorationIndex":"0","hotspotIndex":"0"}],"properties":"1"}],"location":"1","style":"0"},"statistics":[]}