{"familiarManager":{"petDetails":[]},"ge-history":[{"completedAmount":"61","itemId":"2138","isSell":false,"totalCoinExchange":"25864"},{"completedAmount":"95","itemId":"440","isSell":false,"totalCoinExchange":"21280"},{"completedAmount":"2","itemId":"577","isSell":false,"totalCoinExchange":"4048"},{"completedAmount":"1","itemId":"538","isSell":false,"totalCoinExchange":"184"},{"completedAmount":"1","itemId":"540","isSell":false,"totalCoinExchange":"360"}],"barCrawl":{"started":true,"bars":[true,false,false,false,false,true,false,false,true,false]},"exp_multiplier":"5.0","unlockedMusic":["177","50","348","102","90","36","487","123","124","160","186","24","27","180","2","324","152","99","64","104","325","68","63","181","169","37","174","56","327","69","148","138","106","41","153","496","118","72","167","119","163","98","159","125","22","33","112","116","76","55","18","96","6","172","114","115","117","191","60","66","113","74","467","488","161","12","20","13","185","184","328","157","193","502","107","21","10","155","62","127","457","7","93","158","329","89","91","57","5","144","332","92","35","110","52","122","175","77","333","129","108","151","111","140","133","109","162","165","94","192","183","179","3","70","85","32","49","82","435","42","43","14","81","15","466","54","145","166","105","87","46","164","176","58","146","88","48","84","61","154","156","149","187","9","97","241","245","246","257","261","260","267","291","293","317","320","8","141","178","334","337","338","344","343","347","351","354","355","361","377","383","387","402","407","411","419","418","425","447","409","475","476","478","479","501","505","506","508","529","207","544","454","537","558","603","612","614","634","200","273","371","456"],"states":[],"skills":[{"static":"99","dynamic":"99","id":"0","experience":"1.304485E7"},{"static":"99","dynamic":"99","id":"1","experience":"1.32307E7"},{"static":"99","dynamic":"99","id":"2","experience":"1.374044E7"},{"static":"99","dynamic":"99","id":"3","experience":"1.759776925000551E7"},{"static":"99","dynamic":"99","id":"4","experience":"1.322154E7"},{"static":"52","dynamic":"0","id":"5","experience":"124175.0"},{"static":"56","dynamic":"56","id":"6","experience":"185925.05"},{"static":"59","dynamic":"59","id":"7","experience":"263075.0"},{"static":"74","dynamic":"74","id":"8","experience":"1166286.0"},{"static":"22","dynamic":"22","id":"9","experience":"5725.0"},{"static":"75","dynamic":"75","id":"10","experience":"1269725.0"},{"static":"31","dynamic":"31","id":"11","experience":"16250.0"},{"static":"64","dynamic":"64","id":"12","experience":"448854.5"},{"static":"51","dynamic":"51","id":"13","experience":"112145.0"},{"static":"93","dynamic":"93","id":"14","experience":"7862145.0"},{"static":"44","dynamic":"44","id":"15","experience":"56604.5"},{"static":"70","dynamic":"70","id":"16","experience":"741972.5"},{"static":"72","dynamic":"72","id":"17","experience":"979415.0"},{"static":"41","dynamic":"41","id":"18","experience":"43300.0"},{"static":"11","dynamic":"11","id":"19","experience":"1376.9230769230771"},{"static":"30","dynamic":"30","id":"20","experience":"13450.0"},{"static":"22","dynamic":"22","id":"21","experience":"5850.0"},{"static":"14","dynamic":"14","id":"22","experience":"2130.0"},{"static":"37","dynamic":"37","id":"23","experience":"28993.0"}],"spellbook":"192","activityData":{"elnockSupplies":false,"lostCannon":false,"barrowBrothers":[false,false,false,false,false,false],"barrowTunnelIndex":"0","bountyRogueRate":"0","borkKills":"0","solvedMazes":"0","bountyHunterRate":"0","pizazzPoints":["0","0","0","0"],"startedMta":false,"hardcoreDeath":false,"pestPoints":"0","kolodionBoss":"0","warriorGuildTokens":"0","kolodionStage":"0","godCasts":["0","0","0"],"barrowKills":"0","fogRating":"0","bonesToPeaches":false,"lastBorkBattle":"0","topGrabbed":false},"emoteData":["0","1","2","3","4","5","6","7","8","9","10","11","12","13","14","15","16","17","18","19","20","21","37","40","30","36","22","23","39"],"questData":{"dragonSlayerPlanks":"0","talkedDrezel":true,"desertTreasureNode":[{"amount":"12","id":"1513"},{"amount":"10","id":"592"},{"amount":"6","id":"1775"},{"amount":"6","id":"2353"},{"amount":"2","id":"526"},{"amount":"2","id":"973"},{"amount":"1","id":"565"}],"cooksAssistant":[false,false,false,false],"witchsExperimentKilled":false,"draynorLever":[false,false,false,false,false,false],"dragonSlayer":[false,false,false,false,false,false,false,false,false],"witchsExperimentStage":"0","demonSlayer":[false,false],"gardenerAttack":false},"settings":{"attackStyle":"1","splitPrivate":true,"disableChatEffects":false,"clanChatSetting":"0","runToggled":true,"assistSetting":"0","acceptAid":false,"soundEffectVolume":"0","areaSoundVolume":"0","brightness":"2","publicChatSetting":"0","singleMouse":false,"specialEnergy":"100","tradeSetting":"0","retaliation":true,"privateChatSetting":"0","musicVolume":"0","runEnergy":"100.0"},"slayer":{"taskStreak":"0","rewardFlags":0,"equipmentFlags":0,"taskFlags":98818,"totalTasks":"1"},"quests":{"questStages":[{"questId":"128","questStage":"100"},{"questId":"136","questStage":"0"},{"questId":"14","questStage":"100"},{"questId":"15","questStage":"100"},{"questId":"16","questStage":"0"},{"questId":"17","questStage":"100"},{"questId":"18","questStage":"20"},{"questId":"146","questStage":"100"},{"questId":"19","questStage":"100"},{"questId":"20","questStage":"100"},{"questId":"21","questStage":"100"},{"questId":"22","questStage":"100"},{"questId":"23","questStage":"0"},{"questId":"24","questStage":"0"},{"questId":"25","questStage":"100"},{"questId":"26","questStage":"0"},{"questId":"27","questStage":"100"},{"questId":"28","questStage":"100"},{"questId":"157","questStage":"0"},{"questId":"29","questStage":"0"},{"questId":"30","questStage":"100"},{"questId":"31","questStage":"0"},{"questId":"33","questStage":"100"},{"questId":"35","questStage":"0"},{"questId":"36","questStage":"0"},{"questId":"38","questStage":"0"},{"questId":"40","questStage":"0"},{"questId":"41","questStage":"0"},{"questId":"44","questStage":"100"},{"questId":"47","questStage":"0"},{"questId":"48","questStage":"100"},{"questId":"49","questStage":"0"},{"questId":"52","questStage":"100"},{"questId":"55","questStage":"0"},{"questId":"59","questStage":"0"},{"questId":"61","questStage":"100"},{"questId":"62","questStage":"0"},{"questId":"64","questStage":"0"},{"questId":"65","questStage":"100"},{"questId":"67","questStage":"100"},{"questId":"68","questStage":"0"},{"questId":"70","questStage":"0"},{"questId":"71","questStage":"100"},{"questId":"74","questStage":"0"},{"questId":"76","questStage":"0"},{"questId":"77","questStage":"0"},{"questId":"81","questStage":"100"},{"questId":"83","questStage":"100"},{"questId":"84","questStage":"100"},{"questId":"86","questStage":"0"},{"questId":"87","questStage":"100"},{"questId":"88","questStage":"0"},{"questId":"89","questStage":"0"},{"questId":"95","questStage":"100"},{"questId":"96","questStage":"0"},{"questId":"98","questStage":"100"},{"questId":"99","questStage":"100"},{"questId":"100","questStage":"0"},{"questId":"103","questStage":"100"},{"questId":"105","questStage":"0"},{"questId":"107","questStage":"0"},{"questId":"108","questStage":"10"},{"questId":"109","questStage":"100"},{"questId":"113","questStage":"0"},{"questId":"121","questStage":"0"},{"questId":"123","questStage":"0"},{"questId":"124","questStage":"100"},{"questId":"125","questStage":"100"},{"questId":"126","questStage":"0"}],"points":"63"},"globalData":{"luthasTask":false,"doubleExpDelay":"0","macroDisabled":false,"abyssData":[true,true,false,true],"starSpriteDelay":"0","taskAmount":"0","wydinEmployee":false,"godPages":[false,false,false,false],"zafTime":"0","bossCounters":["0","0","0","0","0","0","0","0","0","0","0","0","0","0","0","0","0","0","0","0","0","0","0","0","0"],"strongHoldRewards":[true,false,false,false],"lowAlchemyCharges":"0","rcDecays":["0","0","0"],"apprentice":false,"zafAmount":"8","barrowsLoots":"0","taskPoints":"0","playerTestStage":"3","hunterCapeDelay":"0","globalTeleporterDelay":"0","recoilDamage":"40","lumbridgeRope":false,"hunterCapeCharges":"0","dropDelay":"0","geTutorial":false,"assistTime":"0","magicSkillCapeDelay":"0","lootSharePoints":"0","essenceTeleporter":"553","readPlaques":[true,true,true,true,true,true,true],"chatPing":"0","overChargeDelay":"0","lowAlchemyDelay":"0","travelLogs":[false,false,false,false,false,false,true,false,true,false,true,false,false,false,true,true,false,false,false,false,false,false,false,false,true,true,false,false,false,true,false,false,false,false,true,false,false,false,false,false,false,false,false,false,false],"homeTeleportDelay":"0","karamjaBananas":"0","forgingUses":"0","joinedMonastery":true,"charmingDelay":"0","disableDeathScreen":false,"silkSteal":"0","draynorRecording":false,"assistExperience":["0.0","0.0","0.0","0.0","0.0","0.0","0.0","0.0","0.0"],"lootShareDelay":"1711711125419","godBooks":[false,false,false],"fritzGlass":true,"tutorialStage":"0","ectoCharges":"0","tutorClaim":"1712441938143","disableNews":false,"runReplenishDelay":"0","doubleExp":"0","runReplenishCharges":"0"},"core_data":{"blastCoal":[],"timers":{"antimacro":{"ticksRemaining":"3557"}},"useSecondaryBank":false,"equipment":[{"amount":"1","charge":"1000","slot":"1","id":"1007"},{"amount":"1","charge":"1000","slot":"2","id":"3855"},{"amount":"1","charge":"1000","slot":"3","id":"772"},{"amount":"1","charge":"1000","slot":"4","id":"426"},{"amount":"1","charge":"1000","slot":"5","id":"1171"},{"amount":"1","charge":"1000","slot":"7","id":"1011"}],"bankTabs":[{"startSlot":"0","index":"0"},{"startSlot":"0","index":"1"},{"startSlot":"27","index":"2"},{"startSlot":"158","index":"3"},{"startSlot":"174","index":"4"},{"startSlot":"242","index":"5"},{"startSlot":"279","index":"6"},{"startSlot":"332","index":"7"},{"startSlot":"368","index":"8"},{"startSlot":"371","index":"9"},{"startSlot":"371","index":"10"}],"inventory":[],"blastOre":[],"bankTabsSecondary":[{"startSlot":"0","index":"0"},{"startSlot":"0","index":"1"},{"startSlot":"0","index":"2"},{"startSlot":"0","index":"3"},{"startSlot":"0","index":"4"},{"startSlot":"0","index":"5"},{"startSlot":"0","index":"6"},{"startSlot":"0","index":"7"},{"startSlot":"0","index":"8"},{"startSlot":"0","index":"9"},{"startSlot":"0","index":"10"}],"bank":[{"amount":"262","charge":"1000","slot":"0","id":"563"},{"amount":"513","charge":"1000","slot":"1","id":"557"},{"amount":"235","charge":"1000","slot":"2","id":"559"},{"amount":"631","charge":"1000","slot":"3","id":"554"},{"amount":"52","charge":"1000","slot":"4","id":"562"},{"amount":"4","charge":"1000","slot":"5","id":"4699"},{"amount":"4899","charge":"1000","slot":"6","id":"564"},{"amount":"1716","charge":"1000","slot":"7","id":"9075"},{"amount":"1221","charge":"1000","slot":"8","id":"7936"},{"amount":"130","charge":"1000","slot":"9","id":"561"},{"amount":"192","charge":"1000","slot":"10","id":"558"},{"amount":"3096","charge":"1000","slot":"11","id":"556"},{"amount":"7","charge":"1000","slot":"12","id":"560"},{"amount":"18","charge":"1000","slot":"13","id":"4696"},{"amount":"383","charge":"1000","slot":"14","id":"555"},{"amount":"2","charge":"1000","slot":"15","id":"1440"},{"amount":"8","charge":"1000","slot":"16","id":"1454"},{"amount":"2","charge":"1000","slot":"17","id":"1438"},{"amount":"1","charge":"1000","slot":"18","id":"1444"},{"amount":"1","charge":"1000","slot":"19","id":"1442"},{"amount":"2","charge":"1000","slot":"20","id":"1448"},{"amount":"2","charge":"1000","slot":"21","id":"1381"},{"amount":"2","charge":"1000","slot":"22","id":"1387"},{"amount":"2","charge":"1000","slot":"23","id":"1385"},{"amount":"5","charge":"1000","slot":"24","id":"1383"},{"amount":"1","charge":"1000","slot":"25","id":"5509"},{"amount":"1","charge":"1000","slot":"26","id":"2890"},{"amount":"5","charge":"1000","slot":"27","id":"590"},{"amount":"1","charge":"1000","slot":"28","id":"1935"},{"amount":"1","charge":"1000","slot":"29","id":"1944"},{"amount":"8","charge":"1000","slot":"30","id":"2347"},{"amount":"2","charge":"1000","slot":"31","id":"307"},{"amount":"2","charge":"1000","slot":"32","id":"954"},{"amount":"4","charge":"1000","slot":"33","id":"1783"},{"amount":"1","charge":"1000","slot":"34","id":"1929"},{"amount":"6","charge":"1000","slot":"35","id":"6032"},{"amount":"2","charge":"1000","slot":"36","id":"1925"},{"amount":"16","charge":"1000","slot":"37","id":"438"},{"amount":"14","charge":"1000","slot":"38","id":"436"},{"amount":"505","charge":"1000","slot":"39","id":"444"},{"amount":"1","charge":"1000","slot":"40","id":"668"},{"amount":"8","charge":"1000","slot":"41","id":"442"},{"amount":"5","charge":"1000","slot":"42","id":"447"},{"amount":"17","charge":"1000","slot":"43","id":"453"},{"amount":"1","charge":"1000","slot":"44","id":"440"},{"amount":"10","charge":"1000","slot":"45","id":"449"},{"amount":"4","charge":"1000","slot":"46","id":"434"},{"amount":"10","charge":"1000","slot":"47","id":"2351"},{"amount":"1","charge":"1000","slot":"48","id":"2363"},{"amount":"4","charge":"1000","slot":"49","id":"2357"},{"amount":"2","charge":"1000","slot":"50","id":"2353"},{"amount":"2","charge":"1000","slot":"51","id":"2355"},{"amount":"1396","charge":"1000","slot":"52","id":"314"},{"amount":"1079","charge":"1000","slot":"53","id":"1517"},{"amount":"20","charge":"1000","slot":"54","id":"1511"},{"amount":"307","charge":"1000","slot":"55","id":"1521"},{"amount":"571","charge":"1000","slot":"56","id":"1515"},{"amount":"9","charge":"1000","slot":"57","id":"1627"},{"amount":"1","charge":"1000","slot":"58","id":"1623"},{"amount":"2","charge":"1000","slot":"59","id":"1621"},{"amount":"7","charge":"1000","slot":"60","id":"1619"},{"amount":"3","charge":"1000","slot":"61","id":"1617"},{"amount":"1","charge":"1000","slot":"62","id":"1631"},{"amount":"7","charge":"1000","slot":"63","id":"5560"},{"amount":"9","charge":"1000","slot":"64","id":"1755"},{"amount":"18","charge":"1000","slot":"65","id":"1747"},{"amount":"6","charge":"1000","slot":"66","id":"1733"},{"amount":"1","charge":"1000","slot":"67","id":"1611"},{"amount":"98","charge":"1000","slot":"68","id":"1607"},{"amount":"119","charge":"1000","slot":"69","id":"1605"},{"amount":"48","charge":"1000","slot":"70","id":"1603"},{"amount":"1","charge":"1000","slot":"71","id":"1601"},{"amount":"3","charge":"1000","slot":"72","id":"1059"},{"amount":"4","charge":"1000","slot":"73","id":"1735"},{"amount":"1","charge":"1000","slot":"74","id":"960"},{"amount":"4","charge":"1000","slot":"75","id":"11065"},{"amount":"2","charge":"1000","slot":"76","id":"9434"},{"amount":"2","charge":"1000","slot":"77","id":"1597"},{"amount":"3","charge":"1000","slot":"78","id":"1599"},{"amount":"2","charge":"1000","slot":"79","id":"2976"},{"amount":"2","charge":"1000","slot":"80","id":"1595"},{"amount":"9","charge":"1000","slot":"81","id":"1594"},{"amount":"2","charge":"1000","slot":"82","id":"1592"},{"amount":"5","charge":"1000","slot":"83","id":"5523"},{"amount":"300","charge":"1000","slot":"84","id":"4819"},{"amount":"30","charge":"1000","slot":"85","id":"4820"},{"amount":"85","charge":"1000","slot":"86","id":"1539"},{"amount":"3","charge":"1000","slot":"87","id":"970"},{"amount":"6","charge":"1000","slot":"88","id":"2859"},{"amount":"2","charge":"1000","slot":"89","id":"530"},{"amount":"19","charge":"1000","slot":"90","id":"526"},{"amount":"6","charge":"1000","slot":"91","id":"532"},{"amount":"3","charge":"1000","slot":"92","id":"3125"},{"amount":"48","charge":"1000","slot":"93","id":"536"},{"amount":"8","charge":"1000","slot":"94","id":"8778"},{"amount":"9","charge":"1000","slot":"95","id":"1351"},{"amount":"2","charge":"1000","slot":"96","id":"36"},{"amount":"23","charge":"1000","slot":"97","id":"1823"},{"amount":"14","charge":"1000","slot":"98","id":"1825"},{"amount":"6","charge":"1000","slot":"99","id":"1831"},{"amount":"24","charge":"1000","slot":"100","id":"1827"},{"amount":"30","charge":"1000","slot":"101","id":"1829"},{"amount":"4","charge":"1000","slot":"102","id":"948"},{"amount":"5","charge":"1000","slot":"103","id":"952"},{"amount":"4","charge":"1000","slot":"104","id":"1923"},{"amount":"5","charge":"1000","slot":"105","id":"1759"},{"amount":"2","charge":"1000","slot":"106","id":"303"},{"amount":"6","charge":"1000","slot":"107","id":"1265"},{"amount":"1","charge":"1000","slot":"108","id":"28"},{"amount":"1000","charge":"1000","slot":"109","id":"1734"},{"amount":"1","charge":"1000","slot":"110","id":"3420"},{"amount":"98","charge":"1000","slot":"111","id":"11260"},{"amount":"7","charge":"1000","slot":"112","id":"237"},{"amount":"240","charge":"1000","slot":"113","id":"52"},{"amount":"10","charge":"1000","slot":"114","id":"50"},{"amount":"1","charge":"1000","slot":"115","id":"10496"},{"amount":"2","charge":"1000","slot":"116","id":"2142"},{"amount":"7","charge":"1000","slot":"117","id":"1931"},{"amount":"6","charge":"1000","slot":"118","id":"1353"},{"amount":"2","charge":"1000","slot":"119","id":"309"},{"amount":"11","charge":"1000","slot":"120","id":"313"},{"amount":"1","charge":"1000","slot":"121","id":"1523"},{"amount":"7","charge":"1000","slot":"122","id":"946"},{"amount":"64","charge":"1002","slot":"123","id":"1734"},{"amount":"4","charge":"1000","slot":"124","id":"4527"},{"amount":"2","charge":"1000","slot":"125","id":"1949"},{"amount":"1","charge":"1000","slot":"126","id":"401"},{"amount":"1","charge":"1000","slot":"127","id":"3377"},{"amount":"1","charge":"1000","slot":"128","id":"6664"},{"amount":"1","charge":"1000","slot":"129","id":"38"},{"amount":"1","charge":"1000","slot":"130","id":"9442"},{"amount":"2","charge":"1000","slot":"131","id":"9011"},{"amount":"1","charge":"1000","slot":"132","id":"596"},{"amount":"1","charge":"1000","slot":"133","id":"1909"},{"amount":"2","charge":"1000","slot":"134","id":"1913"},{"amount":"1","charge":"1000","slot":"135","id":"1905"},{"amount":"2","charge":"1000","slot":"136","id":"1907"},{"amount":"1","charge":"1000","slot":"137","id":"2963"},{"amount":"1","charge":"1000","slot":"138","id":"1765"},{"amount":"1","charge":"1000","slot":"139","id":"301"},{"amount":"22","charge":"1000","slot":"140","id":"10326"},{"amount":"1","charge":"1000","slot":"141","id":"1737"},{"amount":"10","charge":"1003","slot":"142","id":"1734"},{"amount":"1","charge":"1000","slot":"143","id":"1005"},{"amount":"6","charge":"1000","slot":"144","id":"5075"},{"amount":"1","charge":"1000","slot":"145","id":"5014"},{"amount":"4","charge":"1000","slot":"146","id":"1957"},{"amount":"6","charge":"1000","slot":"147","id":"5970"},{"amount":"3","charge":"1000","slot":"148","id":"8794"},{"amount":"2","charge":"1000","slot":"149","id":"592"},{"amount":"1","charge":"1000","slot":"150","id":"11323"},{"amount":"1","charge":"1000","slot":"151","id":"2888"},{"amount":"1","charge":"1000","slot":"152","id":"3711"},{"amount":"50","charge":"1000","slot":"153","id":"12445"},{"amount":"9","charge":"1000","slot":"154","id":"12425"},{"amount":"334","charge":"1000","slot":"155","id":"10476"},{"amount":"2","charge":"1000","slot":"156","id":"288"},{"amount":"4","charge":"1000","slot":"157","id":"1739"},{"amount":"3","charge":"1000","slot":"158","id":"8880"},{"amount":"1","charge":"1000","slot":"159","id":"849"},{"amount":"275","charge":"1000","slot":"160","id":"9142"},{"amount":"37","charge":"1000","slot":"161","id":"882"},{"amount":"61","charge":"1000","slot":"162","id":"1095"},{"amount":"2","charge":"1000","slot":"163","id":"9342"},{"amount":"70","charge":"1000","slot":"164","id":"811"},{"amount":"55","charge":"1000","slot":"165","id":"864"},{"amount":"17","charge":"1000","slot":"166","id":"877"},{"amount":"1","charge":"1000","slot":"167","id":"843"},{"amount":"1","charge":"1000","slot":"168","id":"1167"},{"amount":"1","charge":"1000","slot":"169","id":"853"},{"amount":"1","charge":"1000","slot":"170","id":"841"},{"amount":"2","charge":"1000","slot":"171","id":"1169"},{"amount":"3","charge":"1000","slot":"172","id":"827"},{"amount":"1","charge":"1000","slot":"173","id":"857"},{"amount":"20","charge":"1000","slot":"174","id":"299"},{"amount":"85","charge":"1000","slot":"175","id":"205"},{"amount":"76","charge":"1000","slot":"176","id":"201"},{"amount":"101","charge":"1000","slot":"177","id":"199"},{"amount":"38","charge":"1000","slot":"178","id":"215"},{"amount":"23","charge":"1000","slot":"179","id":"207"},{"amount":"66","charge":"1000","slot":"180","id":"249"},{"amount":"19","charge":"1000","slot":"181","id":"217"},{"amount":"62","charge":"1000","slot":"182","id":"251"},{"amount":"30","charge":"1000","slot":"183","id":"213"},{"amount":"1","charge":"1000","slot":"184","id":"1573"},{"amount":"21","charge":"1000","slot":"185","id":"203"},{"amount":"26","charge":"1000","slot":"186","id":"2485"},{"amount":"52","charge":"1000","slot":"187","id":"211"},{"amount":"54","charge":"1000","slot":"188","id":"209"},{"amount":"58","charge":"1000","slot":"189","id":"253"},{"amount":"60","charge":"1000","slot":"190","id":"257"},{"amount":"3","charge":"1000","slot":"191","id":"255"},{"amount":"2","charge":"1000","slot":"192","id":"3049"},{"amount":"1","charge":"1000","slot":"193","id":"3051"},{"amount":"1","charge":"1000","slot":"194","id":"231"},{"amount":"1","charge":"1000","slot":"195","id":"5307"},{"amount":"11","charge":"1000","slot":"196","id":"1941"},{"amount":"2","charge":"1000","slot":"197","id":"1939"},{"amount":"6","charge":"1000","slot":"198","id":"5321"},{"amount":"3","charge":"1000","slot":"199","id":"5308"},{"amount":"2","charge":"1000","slot":"200","id":"5097"},{"amount":"2","charge":"1000","slot":"201","id":"5293"},{"amount":"1","charge":"1000","slot":"202","id":"5103"},{"amount":"2","charge":"1000","slot":"203","id":"5096"},{"amount":"2","charge":"1000","slot":"204","id":"5322"},{"amount":"2","charge":"1000","slot":"205","id":"5306"},{"amount":"2","charge":"1000","slot":"206","id":"6016"},{"amount":"3","charge":"1000","slot":"207","id":"5319"},{"amount":"2","charge":"1000","slot":"208","id":"5104"},{"amount":"1","charge":"1000","slot":"209","id":"5285"},{"amount":"1","charge":"1000","slot":"210","id":"5100"},{"amount":"1","charge":"1000","slot":"211","id":"5297"},{"amount":"1","charge":"1000","slot":"212","id":"5286"},{"amount":"3","charge":"1000","slot":"213","id":"5323"},{"amount":"1","charge":"1000","slot":"214","id":"5287"},{"amount":"4","charge":"1000","slot":"215","id":"5102"},{"amount":"2","charge":"1000","slot":"216","id":"5294"},{"amount":"2","charge":"1000","slot":"217","id":"5300"},{"amount":"2","charge":"1000","slot":"218","id":"5320"},{"amount":"1","charge":"1000","slot":"219","id":"225"},{"amount":"3","charge":"1000","slot":"220","id":"5292"},{"amount":"1","charge":"1000","slot":"221","id":"6291"},{"amount":"5","charge":"1000","slot":"222","id":"5101"},{"amount":"4","charge":"1000","slot":"223","id":"5305"},{"amount":"3","charge":"1000","slot":"224","id":"5098"},{"amount":"1","charge":"1000","slot":"225","id":"5282"},{"amount":"1","charge":"1000","slot":"226","id":"5106"},{"amount":"2","charge":"1000","slot":"227","id":"5280"},{"amount":"2","charge":"1000","slot":"228","id":"5105"},{"amount":"1","charge":"1000","slot":"229","id":"5309"},{"amount":"1","charge":"1000","slot":"230","id":"5099"},{"amount":"1","charge":"1000","slot":"231","id":"5324"},{"amount":"60","charge":"1000","slot":"232","id":"227"},{"amount":"5","charge":"1000","slot":"233","id":"5291"},{"amount":"26","charge":"1000","slot":"234","id":"12043"},{"amount":"839","charge":"1000","slot":"235","id":"12155"},{"amount":"140","charge":"1000","slot":"236","id":"12009"},{"amount":"1772","charge":"1000","slot":"237","id":"12183"},{"amount":"4","charge":"1000","slot":"238","id":"5312"},{"amount":"14","charge":"1000","slot":"239","id":"95"},{"amount":"12","charge":"1000","slot":"240","id":"5318"},{"amount":"42","charge":"1000","slot":"241","id":"139"},{"amount":"119","charge":"1000","slot":"242","id":"2552"},{"amount":"13","charge":"1000","slot":"243","id":"1639"},{"amount":"1","charge":"1000","slot":"244","id":"2564"},{"amount":"2","charge":"1000","slot":"245","id":"2562"},{"amount":"1","charge":"1000","slot":"246","id":"14651"},{"amount":"1","charge":"1000","slot":"247","id":"295"},{"amount":"2","charge":"1000","slot":"248","id":"589"},{"amount":"3","charge":"1000","slot":"249","id":"3867"},{"amount":"1","charge":"1000","slot":"250","id":"1507"},{"amount":"1","charge":"1000","slot":"251","id":"2887"},{"amount":"1","charge":"1000","slot":"252","id":"275"},{"amount":"1","charge":"1000","slot":"253","id":"1542"},{"amount":"1","charge":"1000","slot":"254","id":"2411"},{"amount":"1","charge":"1000","slot":"255","id":"788"},{"amount":"1","charge":"1000","slot":"256","id":"2409"},{"amount":"1","charge":"1000","slot":"257","id":"993"},{"amount":"184","charge":"1000","slot":"258","id":"1961"},{"amount":"1","charge":"1000","slot":"259","id":"2028"},{"amount":"1","charge":"1000","slot":"260","id":"3830"},{"amount":"1","charge":"1000","slot":"261","id":"8923"},{"amount":"1","charge":"1000","slot":"262","id":"1847"},{"amount":"3","charge":"1000","slot":"263","id":"4155"},{"amount":"1","charge":"1000","slot":"264","id":"1478"},{"amount":"1","charge":"1000","slot":"265","id":"5009"},{"amount":"1","charge":"1000","slot":"266","id":"11001"},{"amount":"1","charge":"1000","slot":"267","id":"455"},{"amount":"1","charge":"1000","slot":"268","id":"5520"},{"amount":"1","charge":"1000","slot":"269","id":"5012"},{"amount":"1","charge":"1000","slot":"270","id":"7462"},{"amount":"1","charge":"1000","slot":"271","id":"294"},{"amount":"3","charge":"1000","slot":"272","id":"2556"},{"amount":"1","charge":"1000","slot":"273","id":"552"},{"amount":"1","charge":"1000","slot":"274","id":"13562"},{"amount":"1","charge":"1000","slot":"275","id":"11193"},{"amount":"1","charge":"1000","slot":"276","id":"2560"},{"amount":"2","charge":"1000","slot":"277","id":"11194"},{"amount":"1","charge":"1000","slot":"278","id":"2570"},{"amount":"1","charge":"1000","slot":"279","id":"6188"},{"amount":"1","charge":"1000","slot":"280","id":"656"},{"amount":"1","charge":"1000","slot":"281","id":"658"},{"amount":"1","charge":"1000","slot":"282","id":"662"},{"amount":"1","charge":"1000","slot":"283","id":"4302"},{"amount":"1","charge":"1000","slot":"284","id":"664"},{"amount":"1","charge":"1000","slot":"285","id":"660"},{"amount":"2","charge":"1000","slot":"286","id":"740"},{"amount":"1","charge":"1000","slot":"287","id":"540"},{"amount":"1","charge":"1000","slot":"288","id":"6656"},{"amount":"3","charge":"1000","slot":"289","id":"544"},{"amount":"1","charge":"1000","slot":"290","id":"636"},{"amount":"1","charge":"1000","slot":"291","id":"638"},{"amount":"1","charge":"1000","slot":"292","id":"642"},{"amount":"1","charge":"1000","slot":"293","id":"4298"},{"amount":"1","charge":"1000","slot":"294","id":"644"},{"amount":"1","charge":"1000","slot":"295","id":"640"},{"amount":"2","charge":"1000","slot":"296","id":"577"},{"amount":"3","charge":"1000","slot":"297","id":"1833"},{"amount":"1","charge":"1000","slot":"298","id":"6654"},{"amount":"3","charge":"1000","slot":"299","id":"542"},{"amount":"1","charge":"1000","slot":"300","id":"646"},{"amount":"1","charge":"1000","slot":"301","id":"648"},{"amount":"1","charge":"1000","slot":"302","id":"652"},{"amount":"1","charge":"1000","slot":"303","id":"4300"},{"amount":"1","charge":"1000","slot":"304","id":"654"},{"amount":"1","charge":"1000","slot":"305","id":"650"},{"amount":"5","charge":"1000","slot":"306","id":"1011"},{"amount":"3","charge":"1000","slot":"307","id":"1835"},{"amount":"1","charge":"1000","slot":"308","id":"6655"},{"amount":"1","charge":"1000","slot":"309","id":"10438"},{"amount":"1","charge":"1000","slot":"310","id":"626"},{"amount":"1","charge":"1000","slot":"311","id":"628"},{"amount":"1","charge":"1000","slot":"312","id":"632"},{"amount":"1","charge":"1000","slot":"313","id":"4308"},{"amount":"1","charge":"1000","slot":"314","id":"634"},{"amount":"1","charge":"1000","slot":"315","id":"630"},{"amount":"3","charge":"1000","slot":"316","id":"3105"},{"amount":"1","charge":"1000","slot":"317","id":"538"},{"amount":"1","charge":"1000","slot":"318","id":"1015"},{"amount":"1","charge":"1000","slot":"319","id":"6184"},{"amount":"1","charge":"1000","slot":"320","id":"6185"},{"amount":"1","charge":"1000","slot":"321","id":"1757"},{"amount":"1","charge":"1000","slot":"322","id":"1019"},{"amount":"1","charge":"1000","slot":"323","id":"1506"},{"amount":"1","charge":"1000","slot":"324","id":"4304"},{"amount":"4","charge":"1000","slot":"325","id":"1007"},{"amount":"5","charge":"1000","slot":"326","id":"426"},{"amount":"1","charge":"1000","slot":"327","id":"428"},{"amount":"1","charge":"1000","slot":"328","id":"1061"},{"amount":"1","charge":"1000","slot":"329","id":"6182"},{"amount":"1","charge":"1000","slot":"330","id":"1359"},{"amount":"1","charge":"1000","slot":"331","id":"13103"},{"amount":"3","charge":"1000","slot":"332","id":"385"},{"amount":"26","charge":"1000","slot":"333","id":"377"},{"amount":"2","charge":"1000","slot":"334","id":"1897"},{"amount":"14","charge":"1000","slot":"335","id":"335"},{"amount":"1","charge":"1000","slot":"336","id":"2134"},{"amount":"13","charge":"1000","slot":"337","id":"333"},{"amount":"3","charge":"1000","slot":"338","id":"753"},{"amount":"4","charge":"1000","slot":"339","id":"319"},{"amount":"5","charge":"1000","slot":"340","id":"329"},{"amount":"6","charge":"1000","slot":"341","id":"1965"},{"amount":"5","charge":"1000","slot":"342","id":"315"},{"amount":"206","charge":"1000","slot":"343","id":"379"},{"amount":"1","charge":"1000","slot":"344","id":"2003"},{"amount":"6","charge":"1000","slot":"345","id":"331"},{"amount":"3","charge":"1000","slot":"346","id":"1963"},{"amount":"1","charge":"1000","slot":"347","id":"1973"},{"amount":"3","charge":"1000","slot":"348","id":"1985"},{"amount":"1","charge":"1000","slot":"349","id":"1987"},{"amount":"3","charge":"1000","slot":"350","id":"2323"},{"amount":"1","charge":"1000","slot":"351","id":"1955"},{"amount":"8","charge":"1000","slot":"352","id":"317"},{"amount":"1","charge":"1000","slot":"353","id":"2011"},{"amount":"377","charge":"1000","slot":"354","id":"371"},{"amount":"3","charge":"1000","slot":"355","id":"345"},{"amount":"1","charge":"1000","slot":"356","id":"1982"},{"amount":"7","charge":"1000","slot":"357","id":"2327"},{"amount":"2","charge":"1000","slot":"358","id":"365"},{"amount":"1","charge":"1000","slot":"359","id":"361"},{"amount":"4","charge":"1000","slot":"360","id":"1971"},{"amount":"1","charge":"1000","slot":"361","id":"349"},{"amount":"6","charge":"1000","slot":"362","id":"321"},{"amount":"53","charge":"1000","slot":"363","id":"2138"},{"amount":"1","charge":"1000","slot":"364","id":"712"},{"amount":"1","charge":"1000","slot":"365","id":"1917"},{"amount":"29","charge":"1000","slot":"366","id":"381"},{"amount":"481","charge":"1000","slot":"367","id":"359"},{"amount":"1","charge":"1000","slot":"368","id":"2952"},{"amount":"1","charge":"1000","slot":"369","id":"35"},{"amount":"1","charge":"1000","slot":"370","id":"1317"},{"amount":"272211","charge":"1000","slot":"371","id":"995"},{"amount":"9","charge":"1000","slot":"372","id":"12159"},{"amount":"3","charge":"1000","slot":"373","id":"12160"},{"amount":"127","charge":"1000","slot":"374","id":"12158"},{"amount":"3","charge":"1000","slot":"375","id":"12163"},{"amount":"4","charge":"1000","slot":"376","id":"1171"},{"amount":"18","charge":"1000","slot":"377","id":"772"},{"amount":"6","charge":"1000","slot":"378","id":"6183"},{"amount":"8480","charge":"1000","slot":"379","id":"8882"},{"amount":"1","charge":"1000","slot":"380","id":"11021"},{"amount":"1","charge":"1000","slot":"381","id":"9672"},{"amount":"1","charge":"1000","slot":"382","id":"10374"},{"amount":"1","charge":"1000","slot":"383","id":"9749"},{"amount":"1","charge":"1000","slot":"384","id":"6382"},{"amount":"1","charge":"1000","slot":"385","id":"1355"},{"amount":"1","charge":"1000","slot":"386","id":"1275"},{"amount":"1","charge":"1000","slot":"387","id":"8463"},{"amount":"1","charge":"1000","slot":"388","id":"4617"},{"amount":"1","charge":"1000","slot":"389","id":"456"},{"amount":"1","charge":"1000","slot":"390","id":"9704"},{"amount":"1","charge":"1000","slot":"391","id":"9674"},{"amount":"1","charge":"1000","slot":"392","id":"1854"},{"amount":"1","charge":"1000","slot":"393","id":"9748"},{"amount":"1","charge":"1000","slot":"394","id":"10491"},{"amount":"1","charge":"1000","slot":"395","id":"12929"},{"amount":"1","charge":"1000","slot":"396","id":"1305"},{"amount":"1","charge":"1000","slot":"397","id":"311"},{"amount":"1","charge":"1000","slot":"398","id":"1143"},{"amount":"1","charge":"1000","slot":"399","id":"3863"},{"amount":"1","charge":"1000","slot":"400","id":"1357"},{"amount":"1","charge":"1000","slot":"401","id":"9676"},{"amount":"1","charge":"1000","slot":"402","id":"9703"},{"amount":"1","charge":"1000","slot":"403","id":"10499"},{"amount":"1","charge":"1000","slot":"404","id":"1731"},{"amount":"1","charge":"1000","slot":"405","id":"10386"},{"amount":"1","charge":"1000","slot":"406","id":"1540"},{"amount":"1","charge":"1000","slot":"407","id":"2558"},{"amount":"1","charge":"1000","slot":"408","id":"1097"}],"blastBars":[],"location":"3270,3164,0","bankSecondary":[],"varp":[{"index":"531","value":"147"},{"index":"534","value":"38346752"},{"index":"281","value":"1000"},{"index":"640","value":"3"},{"index":"667","value":"38"},{"index":"417","value":"33554432"},{"index":"1203","value":"536870912"},{"index":"728","value":"31"},{"index":"492","value":"4"}]},"pouches":[{"container":[],"charges":"10","id":"5509","currentCap":"3"},{"container":[],"charges":"10","id":"5510","currentCap":"6"},{"container":[],"charges":"10","id":"5512","currentCap":"9"},{"container":[],"charges":"10","id":"5514","currentCap":"12"}],"achievementDiaries":[{"KARAMJA":{"completedLevels":[[true,false,true,false,false,false,true,false,false,true,false,false,false,false,false,false,false,false,false,false,false,false,false,false,false],[false,false,false,false,false,false,false,false,false,false,false,true,false,false,false,false,false,false,false,false,false,false,false,false,false],[false,false,false,false,false,false,false,false,false,false,false,false,false,false,false,false,false,false,false,false,false,false,false,false,false]],"rewardedLevels":[false,false,false],"startedLevels":[true,true,false]}},{"VARROCK":{"completedLevels":[[true,true,true,true,true,false,false,false,true,true,true,true,true,false,true,false,false,false,true,false,false,false,false,false,false],[false,true,false,false,false,true,false,false,true,false,true,false,true,true,true,false,false,false,false,false,false,false,false,false,false],[false,false,false,false,false,false,false,false,false,false,false,false,false,false,false,false,false,false,false,false,false,false,false,false,false]],"rewardedLevels":[false,false,false],"startedLevels":[true,true,false]}},{"LUMBRIDGE":{"completedLevels":[[true,true,true,true,true,true,true,true,true,true,true,true,true,true,true,true,true,true,true,true,true,true,true,false,false],[true,true,true,true,true,true,true,true,true,true,true,true,true,true,true,true,true,true,true,false,false,false,false,false,false],[true,true,true,true,true,true,true,true,true,true,true,true,false,false,false,false,false,false,false,false,false,false,false,false,false]],"rewardedLevels":[false,true,true],"startedLevels":[true,true,true]}},{"FALADOR":{"completedLevels":[[false,true,false,true,false,false,true,true,false,false,true,false,false,true,true,false,false,false,false,false,false,false,false,false,false],[false,false,false,true,false,false,true,false,false,false,false,false,false,false,false,false,false,false,false,false,false,false,false,false,false],[false,false,false,false,false,false,true,false,false,false,false,false,false,false,false,false,false,false,false,false,false,false,false,false,false]],"rewardedLevels":[false,false,false],"startedLevels":[true,true,true]}},{"FREMENNIK":{"completedLevels":[[false,true,true,false,true,false,false,false,false,false,false,false,false,false,false,false,false,false,false,false,false,false,false,false,false],[false,false,false,false,false,false,false,true,false,false,false,false,false,false,false,false,false,false,false,false,false,false,false,false,false],[false,false,false,false,false,false,false,false,false,false,false,false,false,false,false,false,false,false,false,false,false,false,false,false,false]],"rewardedLevels":[false,false,false],"startedLevels":[true,true,false]}},{"SEERS_VILLAGE":{"completedLevels":[[false,false,false,false,false,false,false,false,false,false,false,false,false,false,false,false,false,false,false,false,false,false,false,false,false],[false,false,false,false,false,true,false,false,true,false,false,false,false,false,false,false,false,false,false,false,false,false,false,false,false],[false,true,false,false,false,false,false,false,false,false,false,false,false,false,false,false,false,false,false,false,false,false,false,false,false]],"rewardedLevels":[false,false,false],"startedLevels":[false,true,true]}}],"version":1,"totalEXP":"8.416154272307582E7","appearance":{"appearance_cache":[{"color":"1","look":"265"},{"color":"0","look":"14"},{"color":"16","look":"21"},{"color":"0","look":"26"},{"color":"7","look":"33"},{"color":"16","look":"36"},{"color":"0","look":"42"}],"gender":"0"},"milestone":{"skillMilestone":"3","combatMilestone":"10"},"bankPinManager":{"longRecovery":false},"attributes":[{"type":"int","value":"0","key":"the-golem:statuette-rotation:0"},{"type":"int","value":"1","key":"the-golem:statuette-rotation:1"},{"type":"int","value":"1","key":"the-golem:statuette-rotation:2"},{"type":"int","value":"1","key":"the-golem:statuette-rotation:3"},{"type":"bool","value":true,"key":"the-golem:statuette-rotation:initialized"},{"type":"long","value":"3713603","key":"last-wealth"},{"type":"long","value":"1721949738238","key":"last-wealth-check"},{"type":"int","value":"1","key":"jobs:id"},{"type":"int","value":"0","key":"jobs:type"},{"type":"int","value":"24","key":"jobs:amount"},{"type":"int","value":"24","key":"jobs:original_amount"},{"type":"int","value":"71","key":"tutorial:stage"},{"type":"bool","value":true,"key":"tutorial:complete"},{"type":"bool","value":false,"key":"strong-hold:door"},{"type":"int","value":"128339","key":"stats_manager:enemies_killed"},{"type":"int","value":"2172","key":"stats_manager:logs_chopped"},{"type":"int","value":"290","key":"stats_manager:alkharid_gate"},{"type":"int","value":"1543","key":"stats_manager:fish_caught"},{"type":"int","value":"0","key":"phns:points"},{"type":"bool","value":false,"key":"grandtree:opt1"},{"type":"bool","value":false,"key":"grandtree:opt2"},{"type":"bool","value":false,"key":"grandtree:opt3"},{"type":"int","value":"2","key":"treegnome:rock"},{"type":"int","value":"1782","key":"stats_manager:rocks_mined"},{"type":"int","value":"0","key":"shooting-star:bonus-xp"},{"type":"int","value":"241","key":"easter2024:eggs"},{"type":"int","value":"0","key":"deathplateau:haroldMoney"},{"type":"bool","value":true,"key":"readWitchsBook"},{"type":"int","value":"900","key":"witchs_house:experiment_id"},{"type":"bool","value":true,"key":"ns:grotto_searched"},{"type":"bool","value":true,"key":"ns:mirror_taken"},{"type":"int","value":"3","key":"ns:ghasts_killed"},{"type":"bool","value":true,"key":"evil_twin:visited"},{"type":"int","value":"6","key":"stats_manager:deaths"},{"type":"int","value":"0","key":"gnome_cooking:gnome-cooking:tutorial:stage"},{"type":"int","value":"3189","key":"vinesweeper:return-tele:x"},{"type":"int","value":"3237","key":"vinesweeper:return-tele:y"},{"type":"int","value":"0","key":"vinesweeper:stored-flags"},{"type":"int","value":"0","key":"vinesweeper:points"},{"type":"bool","value":true,"key":"ew1:bellows_fixed"},{"type":"bool","value":true,"key":"diary:varrock:spun-bowl"},{"type":"int","value":"8","key":"gravetype"},{"type":"int","value":"0","key":"milling:hopper"},{"type":"int","value":"0","key":"milling:grain"},{"type":"int","value":"301","key":"stats_manager:essence_crafted"},{"type":"int","value":"278","key":"tlt-witness"},{"type":"bool","value":true,"key":"tlt-hole-cleared"},{"type":"bool","value":true,"key":"tlt-goblin-emotes"},{"type":"bool","value":true,"key":"mistag-greeted"},{"type":"bool","value":true,"key":"barbtraining:start"},{"type":"bool","value":true,"key":"barbtraining:fishing"},{"type":"bool","value":true,"key":"evil_twin:npc-interact"},{"type":"bool","value":true,"key":"evil_twin:door-interact"},{"type":"bool","value":false,"key":"avadevice:attract"},{"type":"str","value":"ZoneBorders [southWestX=3405, southWestY=4773, northEastX=3408, northEastY=4779, exceptions=null]","key":"evilbob:fishingzone"}],"treasureTrails":{"completedClues":["2","1","1"]},"houseData":{"rooms":[{"rotation":"0","x":"4","y":"3","z":"0","hotspots":[{"decorationIndex":"0","hotspotIndex":"0"}],"properties":"1"},{"rotation":"0","x":"4","y":"4","z":"0","hotspots":[{"decorationIndex":"0","hotspotIndex":"0"},{"decorationIndex":"0","hotspotIndex":"17"},{"decorationIndex":"0","hotspotIndex":"18"},{"decorationIndex":"0","hotspotIndex":"19"},{"decorationIndex":"0","hotspotIndex":"20"},{"decorationIndex":"0","hotspotIndex":"21"},{"decorationIndex":"0","hotspotIndex":"22"},{"decorationIndex":"0","hotspotIndex":"23"},{"decorationIndex":"0","hotspotIndex":"24"},{"decorationIndex":"0","hotspotIndex":"25"},{"decorationIndex":"0","hotspotIndex":"26"},{"decorationIndex":"0","hotspotIndex":"27"},{"decorationIndex":"0","hotspotIndex":"28"},{"decorationIndex":"0","hotspotIndex":"29"},{"decorationIndex":"0","hotspotIndex":"30"},{"decorationIndex":"0","hotspotIndex":"31"},{"decorationIndex":"0","hotspotIndex":"32"},{"decorationIndex":"0","hotspotIndex":"33"},{"decorationIndex":"0","hotspotIndex":"35"},{"decorationIndex":"0","hotspotIndex":"36"}],"properties":"0"},{"rotation":"0","x":"4","y":"4","z":"1","hotspots":[],"properties":"23"}],"location":"2","style":"0"},"statistics":[]}